{"stage":2,"block":6,"H":14,"W":14,"d_inner":768,"d_state":16,"feat_heatmap":{"h":14,"w":14,"values":[-0.9862350540318504,-0.40619219443399474,0.47533495476318655,0.9220187062257834,1.5885926884986292,-0.6333717801389547,-0.807223282525112,-0.09347670922465504,1.529950673979377,-1.1608453600766688,-1.2374888400051318,0.9365301961120881,1.2096529721960267,0.8627925608781358,-1.271776064381074,-1.3209936715592139,-1.1197656530762823,1.2305236208472616,-0.281151922811426,0.9243184887154914,0.269400052873161,-0.7563648737355214,-1.2781111173385284,-0.1358730128364395,1.5489012318402153,0.8445786110371383,0.7004828076736138,-1.9338770787055943,0.1457780832751151,0.3646112071666585,1.812689074529917,0.9735351197022877,0.453072786122358,0.3896050464699864,0.9938203439314143,0.5311607532793435,1.6536911776409524,-0.8531658368754355,-0.33034699798292533,1.9169149889426442,-1.336655781484738,-1.5002615941267052,-0.7953605885752605,-0.0016678391887753217,0.667553866139336,1.5157525690271805,-1.0381408278920783,-0.3255917230332415,0.3826009425357339,-0.6744797598530116,0.437377918530668,-0.3866878750672144,-0.0899125625618169,-0.8076005985869018,1.1009714413544187,-0.8523544692145077,-0.5173929778442061,-0.28433109038473275,-0.9427883775455868,0.07244816910179457,0.5302183025666086,0.9306995976179457,-0.9740514358766725,-0.690233996155742,-2.4706703366502683,0.04602776401030893,-0.36111130926903384,2.5920413986151,0.31904712990885353,1.7644382381655035,-1.7275714845619297,-0.8564672738146756,-1.4158062005507932,0.7900027368570424,-0.06440804174708126,1.6420503684064058,0.3003759904581823,1.337480427504951,2.285919847446466,-2.0568605331446626,-2.2189712269201434,-0.3693882824811844,1.5058773211878587,-1.2664024480364988,-1.462751925877183,-0.12868517244569924,0.7159457424466347,1.0509104269292904,0.9704271371889142,0.18568246694224053,1.091283556366061,0.3139466071613908,-0.9917021200767169,-0.20745919734828144,-1.2540876969032189,-0.07863714499889349,-0.23820141671720427,0.7269625906641706,1.2687255491113074,-0.888914915455042,-0.15955775839774308,-0.4379294480340067,-0.43623519185617027,-0.7532668785761336,-1.9801009559631078,-0.3055295931410718,0.3356024286561914,-0.440858626966954,-0.9010034173758887,1.0124645804472312,-1.6280350959646406,-1.0061759208050227,0.570269800159637,0.6122646473078777,0.22745769317249598,0.3039508354346369,0.42777478385163326,1.0066771301785686,2.2455304413209225,0.710067813148301,1.6861947720416146,0.902820723078349,1.0771858378764838,0.35029551499690065,-1.332991491953428,-0.49497173787823506,-0.49383964687197607,0.9528231938291545,-0.31628813559630087,-0.9680639921586027,-0.6419408715117312,-1.6208631928329127,0.24164402020919382,1.950143197922047,-0.07053741197027728,1.6971613260815044,-0.2453844922246362,0.10725139085668926,0.7153523766860982,-0.17515371759911652,-1.1152531759555369,0.5673610022338377,0.9125552916754021,0.07825377162537689,1.7957692557927287,-0.49174606847805663,-1.2702268780612578,0.4610345695943966,-0.5205702412424359,-0.3215348784712496,-0.4497672254550526,0.08399875698010995,-0.3927907731256892,0.051725264844554086,1.6971384111775267,1.8010570324132722,0.8115907061674319,-0.5189196543095743,-0.0383308576786721,-0.5701994006871095,2.344217972494339,-7.212064801387062e-06,0.1891024933008121,-1.6304684535386191,0.6009824231110111,-1.573540071214032,0.02234005186011217,-0.986827145965728,0.37456594762926465,-0.44174536054020697,-3.3225342713343426,0.9347009885355422,1.5740970840147364,-0.9383389248287477,-0.5828071195715604,0.7169281945976204,0.45308373487646136,0.12101578398179474,0.6202367757916116,1.4611601547796764,-0.6193334997659573,1.6865498898508158,0.16756487395017436,0.5972046390823119,-0.5772203379384012,-0.26646116113488044,0.19326524029270517,0.6449243128098238,-1.7746994534542415,-0.7763171098489652,-0.5058614813579907,-0.2881486323690069,-0.765828018340602,0.8984486371991625,0.5077631609108174,1.1908948654612894],"vmin":-3.3225342713343426,"vmax":2.5920413986151},"gate_heatmap":{"h":14,"w":14,"values":[0.1429268467362591,0.19346494836211414,0.289537125456536,0.5136725529385754,0.14382230096951687,0.2837348949609919,0.6481780315072424,0.004174170786126363,0.10106060964211361,0.8134541507972693,0.0894422833452263,0.8432825270138835,0.9413196050959055,0.3080964555321979,0.47415150747260393,0.38198502624154773,0.3294645214038342,0.2553938291975384,0.650844563382321,0.45896945246268384,0.7059102604282166,0.6510541586683672,0.6177358655846976,0.15881934437163558,0.25687878318611046,0.22631982951175889,0.6524876875752833,0.35829634854993386,0.9265858719858915,0.7642560532799285,0.30080533451692093,0.9574443548004554,0.6039164186279865,0.3256300652604097,0.919240226203706,0.663914204199093,0.36551180684704365,0.48237642674710035,0.5118265076614588,0.1233968979908685,0.08164631807085243,0.9986459248706339,0.2529314718630493,0.9140085409279526,0.3293724569391042,0.6516891153952266,0.3644892097988145,0.9807090078191674,0.02711999253301467,0.8935736611194292,0.798752130691466,0.3303724153618012,0.8200127565178071,0.5787681123064015,0.4670769119082733,0.1806614137859014,0.12214498373674432,0.9557466226196701,0.7586432750346831,0.7022968148093038,0.49079688296510016,0.22653476834716968,0.6886608940498515,0.7760832032990362,0.31452298289523106,0.02866679834803798,0.310680748399241,0.6610392928419679,0.7925559517436297,0.9240048150511482,0.2116329504654877,0.6746623421328228,0.5551290229414773,0.781279718380931,0.6992864693809965,0.6663695958487116,0.42773281202518043,0.38057107783354405,0.027095772213143188,0.2132312906163808,0.010177900570135123,0.19037388591524118,0.11482290510425064,0.4813695843649858,0.7818415153320608,0.9891594959400768,0.7694937725466512,0.805643810517591,0.7070826514190215,0.513070697810385,0.5527070401096225,0.9294896362953348,0.8527960090923172,0.26388576936293995,0.5121793304752597,0.9380405792844542,0.4518421580503187,0.3945411943221149,0.21232886702733866,0.5546990265207912,0.1713998678347849,0.04292844478186153,0.6896284489026943,0.9351995372586004,0.689402099043223,0.5213483242152944,0.9489957913384321,0.5130347605407172,0.10208933620706262,0.8416061674187918,0.8721554437124784,0.6116309079360243,0.8651107374558917,0.8251655489907951,0.16203618367237937,0.2510965714847706,0.7061148794995421,0.29710644354220495,0.4422323767824228,0.6012005356695976,0.03933314987259762,0.40269475032609314,0.6913054418692791,0.3790167775663156,0.011227306047290164,0.3465429032597287,0.3671916324518336,0.1600825380867501,0.04506969714584996,0.834094720463985,0.7168852927316699,0.15294141567179464,0.14303489018983973,0.16977753417943497,0.12243370897455208,0.31378101741436004,0.3537414073716455,0.9150972391706949,0.612130742514138,0.13420282128328076,0.6075521607649165,0.8611557812579762,0.4674826017506991,0.7626560297190654,0.7344803684323026,0.23202983541581712,0.6100316336568605,0.9544384240046446,0.005723505013598418,0.7980568259797326,0.8349650742739446,0.8408728712456432,0.7889628839751769,0.09174555178303001,0.8759478690761936,0.18884880203732157,0.22035725629372604,0.5060999599346357,0.7034889586170181,0.3579946763078865,0.2689841345661951,0.18591331450224902,0.7647001792291706,0.3529462078453286,0.9899750974770034,0.8284574918701961,0.1159395971445566,0.8574239370428134,0.2918985570389603,0.3160676552524674,0.286039647819203,0.47262927532494226,0.40369843689596696,0.2794562701567236,0.10725560522138355,0.5004061585092886,0.8040705369599429,0.8378698061323105,0.9012964978176583,0.6901860807407041,0.2474824619992284,0.940944303513351,0.8924452668122144,0.5748097600155568,0.9341108380910242,0.7233999758745097,0.23686075183825983,0.9080501755358543,0.40385113874824596,0.7060857118396449,0.6589297004222477,0.7486770748566249,0.49607200104709126,0.37306268913888474,0.4413330653403219,0.30377926185497617],"vmin":0.0,"vmax":1.0},