{"stage":2,"block":1,"H":14,"W":14,"d_inner":768,"d_state":16,"feat_heatmap":{"h":14,"w":14,"values":[0.2809602235518962,1.871313274940156,2.3659426423995242,0.6429229122008533,-1.2364853009304648,-0.49800830567591997,-0.30532735686525503,-1.6789017309675311,0.9990688359134593,-0.40952238284361275,-1.130305951022914,-0.024960217930572032,0.6023449678215769,-0.38181866621537053,-0.5965045933392126,-1.581384404952276,0.04524495487873844,-0.40698932306474145,0.4642137445761248,1.24943493861713,0.29835197586897794,1.6685549747741932,-0.3055539114375018,-0.38645008471782105,-2.3384023140973413,0.5455969370029531,-1.8736338281336784,-0.44069330074890056,0.8001758310909785,0.5075385941236505,-0.3857041847517801,-1.338168176827864,0.7705958352207855,0.5745186363938252,-0.17423734936426824,0.2044610753874814,-0.057938414605133035,1.645561411897561,-0.18662766584563542,1.4921952657691522,1.165965629330412,0.6858690539983165,-1.4173083064898255,0.7905645193524925,-0.7378148884017838,-0.39004460202990987,0.5311276919939697,0.7352071494724874,-0.455627767024818,1.4082262109715395,1.2119187479515403,0.6220747746882311,-1.8606422087311107,-0.3407316985710169,1.2756380209478069,-0.554649573667211,-0.5193698324661674,1.5216250237373967,-0.32361006196290937,-0.8907434440490601,1.0900267449361594,0.24418582560147434,0.6319458309072508,-0.36975590493440835,-0.06921227980981746,0.41880041590125316,-0.7886541120256466,-2.0490416074290616,0.1227430986500791,1.0261336711165723,-0.40781525333487595,0.11023844386256705,-1.025015663521522,-0.1064123136930527,0.04028493929902947,-1.674557569760893,-0.14134832454785345,0.2525162977119358,-0.05475621331218777,0.4802931359054019,-0.5358378403211629,0.3166581332131636,0.5687320038148452,1.799061875756827,0.5506197077529336,-0.7962214501791917,1.859735908468994,1.3379008052262737,-0.9345057978308113,0.03039567834020108,0.706681476366928,0.6240883984935262,-0.04166016195690843,-0.2557035792328927,-1.0993371992601493,-1.0251564530615103,0.48565931415412644,-0.08361667003383827,0.08257080931047595,0.7218975507128167,0.35684345423431885,-0.010927258247709588,0.9449348692104361,0.22840655000608348,-0.8901427891749945,-0.4515486441447212,0.7174472131330286,1.5679425926219976,-0.18010216280498456,-0.5956906511299829,0.6223025265017248,-1.179131626192508,1.1015260112395189,1.469029215719839,1.4500022286144443,-0.06110838217347685,1.111383598703914,-0.38165044533183606,1.3809213965266653,1.6330655314617761,0.3641506579433761,0.820023924314415,-0.07597299658443636,1.4587892232922335,-0.49267785603313957,1.3215171606230538,1.3621622505089785,0.5282468728949737,-0.4355219609653561,-0.711431756333758,0.06414359323738772,-1.8796956750286282,-1.2638364115495273,0.08937224042167818,-0.1614358362981893,-0.3623444733591608,-0.5481828346344287,-0.39626065166819713,1.3544349740608868,-0.030538203619443115,0.2439335362049597,-2.0096363682063667,0.7560617857845209,-0.14487730324402998,0.4546980958137839,-1.2555814269246643,-1.164583336170092,0.9712411322320702,1.4221055064278232,0.21143494946265226,1.200845586185238,0.016434569773591434,0.05167770366242958,-0.9896773902656569,0.160632712711194,1.4923854569899038,0.43554439626685726,-1.4558289678250158,0.006860343442509057,-0.6504525004614992,-0.1850633530082978,-0.9325870053902031,-0.29658242573017557,0.1880893869037455,0.2277954191706934,-1.1387989490331987,0.9043508947894249,-0.16211706391778932,-0.450027388563347,0.4898295475276696,-1.505502541836381,-0.15272168123624777,0.9453073676704921,-0.21554423911530507,-2.1532991619450264,0.3933924086634487,1.7128519542558704,-0.3738783671782853,0.11448741303737872,0.23992724214581895,0.06308266320811833,-0.7486689903187963,0.09658715239549043,-0.19955577002208433,0.6386670053176853,-1.5722720069395002,-0.2942038030715952,-0.9158754542825703,0.27147622588360704,-0.7950197972862443,1.016595006397859,-0.10779823907533653,1.0623955186097847,0.8423887764195416,0.5948479841218517,0.5673932875817314],"vmin":-2.3384023140973413,"vmax":2.3659426423995242},"gate_heatmap":{"h":14,"w":14,"values":[0.35032818998473503,0.6548338092988231,0.8936458268607521,0.9828083577472212,0.9174943140234021,0.7220119994088607,0.7294157909297717,0.22955213513424477,0.5983708463541111,0.8256279849603624,0.2564549238358217,0.6597392742446964,0.3466704040085007,0.08415445168746127,0.028273848467362694,0.49455351426156324,0.33402671555525254,0.6720476805634066,0.318689032965626,0.7143173310451526,0.7157294142042019,0.31364225490276454,0.18015686238563255,0.561359987697256,0.19440561793625055,0.006962362111190279,0.6299285524113686,0.8502207946767836,0.5493517666663909,0.21508208512225413,0.49342717888032595,0.21498012894613794,0.12846512591066372,0.8450679875263422,0.4272735870180383,0.43527632700907737,0.6966902498410785,0.2041095885329951,0.7166065134000292,0.2902844220199081,0.11565217537699324,0.5793277002162287,0.23135044219307654,0.6969641302531813,0.8795048425725385,0.3827598789464609,0.5726725152597728,0.08683618353986011,0.6174536472173764,0.7444751491145665,0.4426939777107053,0.5454531652540989,0.8966691987572667,0.914529320821959,0.6617490047169672,0.7247209332998715,0.7502594566891737,0.6104755486270826,0.14042000873372418,0.5213016663744386,0.30854685427509676,0.571953131487744,0.07623655602848234,0.9239560162446244,0.7362459282299864,0.29028569852512753,0.6900318841523316,0.9487641773170135,0.721750653972837,0.2850575194919742,0.717092057504243,0.9023767861793609,0.552587290706181,0.2557652808772103,0.6712486645647906,0.5650639710271235,0.24227077842203337,0.5052446117371375,0.8367068797255507,0.5114926717898082,0.03738881125897209,0.13605905021353404,0.7665697796152005,0.5098289364879026,0.7133235492845185,0.10654443223008836,0.6906576796649385,0.813910456699217,0.7819896283919695,0.4522933193354364,0.7242139217653972,0.43296778689433424,0.5042114119625437,0.013162710100412034,0.45121301661716495,0.5251516037783925,0.6341035707986425,0.4044062275640766,0.6803320490097154,0.36766730412254245,0.37455691896921706,0.9386982498011069,0.8087510500450582,0.8277883370129271,0.22207571499484768,0.17898089379906146,0.2967963465539921,0.23216966420772767,0.4088095619922648,0.918872465470153,0.6474617647369809,0.3415921874383977,0.7728526058177576,0.704286266964745,0.5081880034509839,0.8133772304010575,0.7487667952688555,0.46928982763986427,0.12291742003812789,0.23627252443943847,0.6719623031641143,0.3039426916662402,0.6684551047850571,0.16473010862651405,0.5866126680635249,0.4940585758297237,0.9266109245380209,0.9932540995865842,0.800864622467619,0.10921416184752297,0.9803261570626213,0.4871352911409844,0.3574774857221652,0.27433678952970664,0.43557841770931305,0.9481889355894862,0.2848518859958795,0.8008481576791734,0.709839233265593,0.11224022057544125,0.4235714691881024,0.7073456018960201,0.31788342530594504,0.8544527242363337,0.504229399026995,0.27954304976301614,0.9745378393131149,0.19740366528414222,0.4841330355818527,0.8558658444531823,0.9005355891716824,0.11221670736033384,0.9734103315915809,0.2851424626374438,0.27728131931028843,0.36679935252911466,0.7769826282485834,0.39518353463384437,0.611170134284593,0.8957869655943457,0.7035596223743873,0.584456706962252,0.409259587164134,0.802530569944675,0.8868310094156562,0.08091212918861967,0.8932722952651567,0.5003095454378452,0.0009147295160303326,0.9101311461337315,0.7526385753036334,0.03311786143962436,0.2947394088481239,0.5204219571753156,0.6530292820676681,0.7933097173488147,0.3422409210457362,0.12073734216498933,0.696874286778503,0.1639423406917444,0.060205855570359956,0.5901753307227287,0.4488859820536436,0.9900875694338902,0.9751215919440172,0.4786828190714868,0.5567314332245021,0.9842125132336147,0.2676926989634284,0.06124666801176437,0.2213710069338004,0.8199839440365015,0.43884159431328684,0.864029551204246,0.6857631196234645,0.9171214299864371],"vmin":0.0,"vmax":1.0},