{"stage":2,"block":7,"H":14,"W":14,"d_inner":768,"d_state":16,"feat_heatmap":{"h":14,"w":14,"values":[1.0566339359236487,-0.7587960963476627,-1.6628107183301142,-1.6376032243058953,1.844277480096503,-0.09934110585912723,1.0673174418613767,-0.8670990847255058,-0.5115206008202973,0.43672437408068365,0.6029590339475133,1.4090392835668273,0.6687997170702351,-1.3756673031444175,1.5607342172459087,-0.7775849366458785,-1.5163100103504077,-0.010950020245313719,-1.2095742810340244,-1.502386483737723,-0.6663071270571722,-0.8232478505389033,-0.8475615065255416,-0.5618544463226495,1.8201274051312846,-0.16164622615553825,-1.909897576839985,1.0466126723656435,-0.34231489161681544,2.4305188017328176,1.673005427908455,-1.3726207578234533,-0.3574908873179829,2.4183499015680945,0.4600101812642086,-0.3487364537387638,1.1527920461577712,0.4758284698938907,0.7193451191087937,0.5786287918777013,0.7141439968916927,-0.38048431914048353,-0.6969429068614011,0.3964449081728045,-2.0327005067025974,0.4005430517817698,-2.643365962598743,1.5634056874334294,-1.6542945535965163,0.31755903518362993,0.7805024183332755,0.5153064012808296,1.3709792348193865,-0.03044914974612481,-1.9920987214780015,-0.4198056045794196,0.8520667258795961,-0.23705663263039534,-1.9115265002274198,0.5232332951288319,0.6421489736539427,0.000698234107435729,0.23056413190090527,0.16328916364816468,0.01778730432399702,-2.9104400262692676,-0.2863386895518118,-0.0953744842911971,1.77368681539993,-0.023690438176202075,0.6145823202513707,-0.016901629332665088,-1.3673929666433156,-0.8114866868785543,0.759147748628401,1.6136114846343932,-0.590668825985875,-0.2441017057802408,0.9331308110667816,0.27433089780967823,-1.2480455652666944,-0.13921775362300648,-1.505357230034317,1.7730022458833292,-1.9551267508511447,1.038118083929367,1.8563261396865314,0.630878789881926,0.06810773402714787,-0.002735585949699426,0.10138228855990557,0.18555001097391444,-0.22855781743861045,-1.1538130569687346,-0.9153074678715941,-0.6225378251154178,0.7769598542282922,0.3811261386031277,1.896247814157838,-1.0745106105972868,-0.9673494974814285,1.1984785305957963,0.7831271502990425,-1.003726838978829,-0.2401051526176604,0.6297482444337303,0.6894403079411676,-1.5024375783566548,-1.0068820860321568,-1.1548388543578931,0.17233624732391833,-1.361532057931129,0.8069890638415755,-1.6933357857552627,0.8756007427646069,-1.2966161453746365,-0.17084400996859958,0.9787213821220367,0.3366942125222307,-0.3261762829945607,-1.5500390826700357,-0.33616783696629154,0.5274984885153429,-0.7510131636754341,-0.280622148998012,0.2775886290907605,0.8875770361065947,1.064869694878529,-1.0247063050730867,0.06665589451266014,0.17887089756154043,-0.43113547057019647,0.16631075102919518,-0.13456634746078192,-1.0634982051110804,-1.6879278234929682,-1.192635274787747,0.26723944143875916,0.44179421271958874,2.4851214968821465,-0.29205234041044664,0.2330086872627505,0.7395474051038196,0.7701759350241504,0.07425468550909903,1.942696158160213,-0.10057889063429666,-0.8549944991229431,-0.474633301744476,-0.18289767613716232,0.4927910820623763,0.7242564651184515,-2.2253761342698173,-1.364600051877044,-0.05281846119775457,0.13021163562678867,-0.7338818929430496,0.9392577014933593,-1.4720290055921437,-1.4618383667460102,-1.1305308510660634,-0.19866760164221908,-0.5538998729371126,0.2951839955669138,-0.1012763079867774,0.4862007053582281,-0.6665618773575123,-0.15388792656972067,0.7544829066230271,0.8138277095628574,-0.7195546840996329,0.02191920516910884,0.3561328103287119,-0.9905642171810866,-0.24185633664403464,0.8933857661379165,0.03683590497856788,1.6737052834024009,0.33527365951026655,-0.4197455813554836,-1.3379359680619562,-0.6010149949848013,-0.6455853113624092,-0.1851599702573702,1.0699021806165212,-0.16223178127927695,1.6932825397579905,-0.2172586867380464,-1.5009559613437353,0.8592154522096886,0.12467643486458765,-0.4540771193964636,-1.4591527880778934,1.6381551128593743,-0.31929664737962654,0.11476743857069774],"vmin":-2.9104400262692676,"vmax":2.4851214968821465},"gate_heatmap":{"h":14,"w":14,"values":[0.4440852603246719,0.6422370371123203,0.3283736705562176,0.7974133867818723,0.5814336021254943,0.8803270576385657,0.9543700949050745,0.15854571864496925,0.3905897674491019,0.0677721592292444,0.4115236819605901,0.7400787436276278,0.9088902861102637,0.6183015697850037,0.08323723308175157,0.09173356031651092,0.08976046590313336,0.7083468842441444,0.29817950431421214,0.22299971381422634,0.6947924275377357,0.15433633884727938,0.41598623822779746,0.9104833101223199,0.21803485084744956,0.08903063944144163,0.9247453029982193,0.2562271564545179,0.12102915108694046,0.07042167206459748,0.03869389640691623,0.10036321737382126,0.568184647304062,0.9813304378465594,0.4449576889761202,0.7914037600384485,0.5571765252857895,0.47449446974784115,0.3884982334822572,0.6181846282106023,0.24158835486259933,0.016665215604128925,0.12203198310950458,0.43331298574664634,0.46546712099499266,0.4378922497851828,0.4326841572329658,0.03007407881809654,0.9112476617531768,0.5952346662311108,0.22862256993281627,0.36436551219942737,0.5850307825566854,0.6868172883746724,0.8284992398526614,0.17137511648506298,0.7436008234009743,0.6990315397198023,0.10787732252294135,0.5247261834562119,0.09075736412739444,0.4705718058259636,0.141612284699281,0.2917922299821313,0.8164141353876598,0.24770105993524516,0.14019600753831718,0.14253023372020535,0.5009403949748497,0.1253500367467537,0.8802505741896799,0.08311839083485284,0.9919640100182368,0.3958191036280603,0.05779279727817932,0.9774521407140563,0.8806023186025931,0.5127100902572375,0.38419436674690666,0.014707235042399791,0.5848254512436172,0.3657863365837962,0.09827675684034243,0.9503549690844789,0.4797127104172374,0.34260543571791324,0.7271128893608483,0.3215099712676702,0.05754890379792044,0.37588762826488975,0.8119360494934171,0.12719718629793142,0.303618438409202,0.04991453485440411,0.782326742220738,0.329306981524645,0.3561666345878438,0.8599772739602085,0.8198478715104891,0.3918056059193187,0.6285279727080069,0.9567069318963447,0.5251907215246544,0.23773266042096208,0.37582393532809477,0.45156753856649834,0.3967107039947978,0.3939365643571393,0.4132423596612601,0.7188948553645234,0.7850221833068587,0.0543319458423579,0.04782752328301476,0.707463953594391,0.40165732843226,0.7946047006613419,0.4666547688181045,0.32188914135232516,0.1788614375901213,0.19977957024243154,0.7327705178921937,0.2921623804730895,0.517811187759901,0.41151776022926745,0.8775410283541432,0.18015336148072714,0.8276780995525743,0.049745117367410496,0.41201739685282635,0.3064166775781707,0.021089758459009622,0.04375142801934084,0.9789369346657606,0.8858331659809435,0.45694579505076094,0.008358024499952266,0.8485809937170042,0.6091480492348637,0.7242943410930092,0.029024683662056683,0.5337651854817955,0.27021140135916855,0.6024951093565615,0.706019036314263,0.3199644681424767,0.343675706394613,0.7165455268764381,0.35616088436856785,0.7973394112137382,0.8777982720011175,0.0899484551580273,0.6595150362509202,0.9699779638192225,0.7505850232281213,0.03680846762430612,0.04236780713028243,0.37391885145428894,0.403339165657592,0.9168920118421784,0.037533408268812685,0.5794246882049033,0.11125922587052473,0.8150835681853577,0.5128183644481923,0.0740522989382294,0.22807228293951254,0.4320950542602685,0.6586186450904031,0.37067410316254235,0.6745260690735708,0.27114934829505266,0.7465232674692797,0.25519814996897916,0.7949875639323604,0.908740467921132,0.033148600599386735,0.4326156230613668,0.10204589097060779,0.7119449975415499,0.9032963377606678,0.6222557843915704,0.722826384301323,0.6406036587769184,0.4631582953447473,0.6519131663308414,0.43199154235277937,0.3067827031136967,0.6746161152667035,0.5693712486389544,0.09502794005331205,0.9963398048847613,0.08647425881129911,0.6552833806099866,0.21645777925494092,0.5034389230376989,0.9740503050531886],"vmin":0.0,"vmax":1.0},