{"stage":2,"block":2,"H":14,"W":14,"d_inner":768,"d_state":16,"feat_heatmap":{"h":14,"w":14,"values":[-0.10284954227284018,1.2301258818367302,0.9853108824656839,-0.062142610544599804,-1.2229909665176737,-1.8220041905643538,0.6670486267729845,-0.08015691165227525,1.0439238293102644,-0.18072857049073274,1.0224752138100925,0.6177782391284135,-0.22485333064052246,-0.924685428247863,-0.28386330405275845,-1.0427233261218372,-0.7967519462684307,0.7746614439176647,-1.893165301703393,0.1761860675590821,1.4972824554621673,-0.07639951815387211,-1.158850443304897,2.5288643544857203,0.13170224782225565,0.7776931644992182,-0.2730221911346139,1.4297096335061046,-0.48117392084654814,-0.042692169220613786,0.7575779100066887,1.549123397044666,0.22852612541856562,1.0203238512760877,0.9129719124420005,0.865086710166889,0.9519077909708079,-1.1668847041382084,-0.9379467118587285,1.2421255882096005,-1.2348862728160948,-0.3534277197153764,1.5785921732888113,1.0396556778187631,-1.55470285958421,-0.8053535539376,2.143287710738473,-0.04683343704215504,-1.4988551961821597,-0.4305926290401354,-1.6497240712459853,0.1667453230749602,0.20823195404424857,-0.8556103788778433,0.635684440704811,-1.5032044722861166,1.9105352006208922,-0.7964478950252224,-1.7172765925160607,0.35813357760351505,0.5933840838116778,-0.38579279473867717,-0.4256199266959185,-0.3738262159192112,-0.8831055922750782,1.2312188947207199,1.0909577701231121,0.35038028626874906,-1.3235625621502611,0.9664751729102055,-0.267991445013791,-0.9282221878876079,0.5761532212162674,-1.0185656223672783,0.5343025525681943,0.22087616778242075,-0.4822194011344333,-0.6330050772956555,-0.32588711083264904,0.28731429015147136,1.5392476636380166,2.0771582185112147,0.9982348611354629,1.3642242781100218,1.306627866496535,-1.2782925878535907,2.0911679974314077,1.3091288131892445,1.4871148038811,0.9095998093652242,-1.1801939136263986,-0.08059743061926344,0.5648350751743239,0.9566485969520364,-0.10255823123526478,-0.6720512129180031,0.4918829142825632,-0.5168411181735043,0.8319728577200984,-0.427200014536758,1.5078273807456275,1.2624703269917967,1.478546388306956,0.9483658784415132,-1.1923431693641793,-1.5419165644180675,1.8045847318769925,1.872438912671694,1.457019113155145,-0.7386182347088064,0.07040512398336622,0.5112155347605434,0.039151469856584346,-1.483623827937699,0.3489611272894746,0.40946879335847813,-0.46716248311834374,0.16112343771114257,0.14462908869842422,0.4369383153142175,-0.2474126655016198,0.30484464425237773,-2.197923518697507,0.6812734882027454,1.6431200992032124,-1.0794987070751074,-0.7263458183654595,-0.8534690581383452,-1.4181163300651307,0.6713399803271424,0.8697011666327098,-0.3118912285721077,0.5112950905374142,-1.039855913097647,0.9503395571116938,0.2618886806065144,-0.22361775861696317,1.3310583207316373,1.3502731851800653,-0.5729236046644927,0.2574288113002129,0.06897228160549931,-1.5296361188014382,-1.7401626048450283,0.5847907682634321,-0.17721326518790614,2.112481400131989,0.04149732624941194,-0.6860546532412137,0.31581257273980945,0.546097310336668,1.7555443639505894,-0.5769191012055016,-0.22248978668100963,-1.2110735098045644,-0.17157251261185172,0.056821888179989836,0.5192216410142078,-1.0184246004147368,0.21583951704915058,0.47105228036343805,-0.43427212348884076,0.4291414531280288,1.1766672137967351,-1.473722138614868,0.5166253264960186,-0.9293917924927967,1.9252942478622843,-0.5103017148263185,0.5617021578935295,1.724927683836035,-1.2735431681760156,-0.8814343883502713,0.0425464990543887,0.5149067497472207,0.05015335681766349,1.690337097193884,-1.2442937243393648,-1.0247031163508458,0.8459538496138871,0.968622633468798,0.13033441784541508,-1.0405811789481085,0.6422911881232892,-0.0019617934697311206,1.0296324103577492,-0.2240558984696851,0.39053533603257745,2.917958802854476,1.133195734582066,2.4564064994601362,-0.9040922962087451,2.6271172541323384,-0.2517182086855072,-1.549483748635146,-0.5686838921800532],"vmin":-2.197923518697507,"vmax":2.917958802854476},"gate_heatmap":{"h":14,"w":14,"values":[0.5768025093532742,0.30076935213343026,0.24508917656416773,0.5375751686556818,0.2722391376570068,0.5081913147104221,0.2192852712245068,0.7632651380956578,0.028350654604745618,0.33139488073135925,0.9283893128865944,0.6375319003053412,0.46594899297478765,0.9964959285097733,0.8479590931060413,0.3431017612959596,0.8308222360510396,0.18501586985476737,0.3319154554679057,0.5680988138538675,0.857613759079862,0.8819840481664406,0.7454433453831616,0.5024684393077399,0.6330314368932084,0.8087533529611591,0.4816717586905922,0.9319542927204397,0.16505053823986982,0.2051293007113829,0.94228745374398,0.6000555442440926,0.7936925326970944,0.14205220735738577,0.9608397926958837,0.11497932651905596,0.4642959493273928,0.8891588660534698,0.1600927607818794,0.22393192231344938,0.7334839098626494,0.6481495213647768,0.9460146454305765,0.31245778562784277,0.03405853385458746,0.3790188994476982,0.24838470916425537,0.45598775550384973,0.3281264087739354,0.6557961269120922,0.1979368166238763,0.9329494969902843,0.8449300583247398,0.4538251398124994,0.5282529730041718,0.5800867909326228,0.3370212507406911,0.1697923930681423,0.8748816929779167,0.01221709673989746,0.04977827569149684,0.9732837991781119,0.5479236450017084,0.3936961089606499,0.5145997672175533,0.35426328600001444,0.8715436709621183,0.5783715230852506,0.12931357662092413,0.979700880612403,0.9154440213830504,0.25339671971610167,0.9549612917831913,0.029326940471716467,0.8208915232091547,0.2924907005707843,0.5628777951703179,0.4126892909964288,0.03286426830185263,0.866803145251819,0.583642979553401,0.980540576385131,0.4664522627802844,0.21552939060394494,0.5864134417205673,0.9356209390800201,0.819409697246431,0.7252024431035938,0.9589835490889337,0.5827143246793978,0.7091985422616399,0.6875455865822622,0.05283239233259018,0.8476660862004006,0.5320065927032216,0.2892038858256286,0.36025035893613566,0.6362373685169042,0.03906672667445188,0.8817779114795571,0.9427699339938002,0.48042582874787787,0.09069791496883528,0.23563524691611404,0.41361956426499236,0.9072684638757809,0.45869715199371497,0.6332781972066014,0.23934712718944728,0.7179912559694166,0.7806683485684022,0.725107271114498,0.4877632228166272,0.3848968337046065,0.27366576895074046,0.08025571324876268,0.5524797297698059,0.29613795020214306,0.5541983759403598,0.20168513362360863,0.18379262749630454,0.768216373454746,0.2725938424473321,0.2121727386440856,0.21622920546626467,0.8542231985603576,0.8611708265878196,0.14698223041111724,0.16464911003498095,0.24831457971547832,0.03243645283730101,0.8747395962723735,0.4719981257414644,0.04345392340411092,0.9909637192837326,0.22444524999991355,0.2807915950512966,0.5207577455604239,0.036408608499580386,0.31354249945679136,0.5106927311160199,0.7667704350397759,0.030952936083801008,0.40987144146095855,0.6044068380865552,0.026403274380312647,0.6247230701433304,0.8301634627716316,0.35478783575171946,0.697280682308816,0.9179072083678731,0.44584903371548,0.611933652863678,0.8612067870534421,0.07623714032524409,0.2600172882878603,0.3408676107794265,0.8412230766789525,0.7398040631582671,0.8880368776594958,0.19586711050308148,0.36218908334207855,0.17819027034503077,0.04197644618880636,0.4265444685697577,0.4142352050504641,0.6777604730555019,0.9509943150638996,0.7791502670320394,0.24534654492574004,0.9678995998615072,0.9451092932623736,0.26776042702643343,0.15369031710052083,0.872925013345309,0.567811295929282,0.559931353981485,0.4506203146899713,0.7644429888909451,0.5674803897075115,0.6259675657383543,0.19463556244502533,0.46744905554806226,0.0622138070554028,0.16848084293004018,0.9792653636617342,0.61069192284552,0.23475841472891235,0.4218666313895507,0.6962675753088304,0.19576959290169793,0.8815203958617617,0.09323240942319744,0.8055849635247934,0.4222884457319377,0.9754407541105183],"vmin":0.0,"vmax":1.0},