{"stage":3,"block":0,"H":7,"W":7,"d_inner":1536,"d_state":16,"feat_heatmap":{"h":14,"w":14,"values":[1.898367621266446,1.7575046153512839,-0.36285210581402755,0.6607402699976257,1.1608255125758573,2.1951564446797485,0.39398709144978455,1.054271008146277,1.9768953787233297,-2.427443709415466,-0.8043184398277792,-0.16884635186369537,0.3955916279123433,1.5091337235067397,-1.100123840006292,-0.6504483581187658,-0.9358218807809131,-0.9094545700656461,1.5139293826213351,-1.3004434183887126,-1.1147675124492562,1.8459611844848014,1.5134209253757809,0.31299657770796313,-1.8199662219126842,0.23575473887676884,-0.06473851488177255,-1.2581514262384295,-2.0571107167715046,-1.474620660911991,-3.539263418498629,0.040547372127458924,0.1792449811284591,2.0146171606891277,1.0438849645310098,1.0152330019750422,0.5456837891249435,-0.7535218528488834,-1.4485544379088984,-0.5808880678694981,0.42632267612471586,0.2723988484882347,0.08423826315794804,-0.8774416203945219,0.14661682147082722,0.4950110097403195,0.5906068463325888,-1.6037140593213868,-1.8719453580913015,0.4287374319809211,0.1956903114414525,0.4707062023658113,0.2729676825601443,0.6038463018956836,0.7763556561208347,0.489635705971927,0.39305353001461457,0.14205768499558102,-2.0955515740273323,0.44303156291097295,0.39746830945348416,0.03519417480995621,0.8108337343731501,-0.32771470972006955,1.8805590754935173,0.7498641000243128,0.2599696178263282,-1.3510873963163434,0.9500594623566105,0.5645556840197196,0.5456562211079279,0.7421491619383844,0.23493165618547104,-0.4923947785219679,-1.4477180362042974,-0.02194779618442063,0.040480609614147206,0.5460767370586334,-1.1823783125111336,0.44125547616630106,0.5188031990937584,0.19987397388690445,-0.8275376428084616,-1.166920974052816,-0.41399483982549384,0.2103037326992314,0.49837444307116363,0.26272106815862734,0.6083971142793905,0.31395187396036256,0.3310556049641943,0.32256883111451334,0.9275479765433997,-0.11643135473737393,-0.4506216563348432,0.20555387634113825,-0.17595974284204965,-0.2866409399996137,1.5203049919689633,-0.14384207496322537,0.4318724984433742,0.7922942767504086,-0.8749662164888655,0.6199257065855995,-0.06812951072422405,-0.6129929020865924,-1.5497446722465686,-0.6985116469331065,0.9142885437133584,-0.48889635846151736,-0.4426959749353205,-1.1973540066720114,-0.148560367220477,0.021232737882426772,1.470900656051639,0.360914552032735,-1.000039494200696,-0.07417773092567738,-1.445414091544264,0.5177202173609122,-0.895928551623126,-0.4657726224145329,1.34936124347461,-0.7777044065743699,1.006415455713094,0.3276773150252296,0.4745543500630301,0.7561276696406698,1.8877401559381053,2.0221893564554025,-0.36399478757159376,0.008423754390631161,-1.11197264204729,-0.061748304922353,1.8534891488594365,0.5218569759995281,0.5395592896225557,0.2682083807346589,-0.8270917890443432,1.438471311983081,-0.8635776510572836,-0.16528878238427794,0.8154496952114813,-1.1749984629928716,0.669441136825858,-0.24124177548751333,1.202329324150518,-1.1011596706923887,0.4937043872967007,-0.6429716513385786,-0.3606658909289253,-0.5029930326097762,-0.28609695819927955,-0.891330839272759,-0.050239985294324434,-0.8865927211419652,0.2999493319208622,-0.30918681060272685,0.08436115760919698,-0.6737540907784498,-2.1225277080723495,1.168712713451419,-0.2226336701413119,-0.5299191077139079,0.2165080458897963,0.8512396952775052,-0.9567995196341679,0.07606529608796316,-0.06860425154723591,1.0109418059490574,-1.0774615507058098,-0.3043709002709905,-0.9255102140279011,0.9730198417321906,-0.3022427051889595,-0.3641981449901108,0.35110626938048345,0.7267673046275015,-1.8368819636208422,1.332649708150645,0.7866804836323212,-0.17282429870556548,-0.8760551059952617,0.31164563656382716,1.2247867685892595,-1.6836812428719172,-1.237632639613562,1.1039063850826534,0.0860767458102655,-1.6473490195342817,0.16806246522090645,-0.060707835083582816,0.20980763964355828,1.231254443233312,-0.24273679020495836,-0.975588416361203],"vmin":-3.539263418498629,"vmax":2.1951564446797485},"gate_heatmap":{"h":14,"w":14,"values":[0.883766742980813,0.9435473484739452,0.4788845447465926,0.20507504548837407,0.718990551936502,0.8411726593123728,0.8038891854554311,0.5739091713844174,0.04409627117864379,0.3474394587995604,0.319573001667004,0.03560867548934421,0.7846253193747326,0.47993407535145205,0.8882000945755257,0.6947948014051216,0.5245423399743046,0.8648842721372941,0.03521114644418766,0.6107447952975854,0.8442093262714483,0.40445470688676555,0.9462773396841909,0.7767055694046544,0.5882103252999095,0.4550989880157267,0.299969313874918,0.4716284994683445,0.9103030269746555,0.8234707710179866,0.16132115908167155,0.00960147992845417,0.8976127655118185,0.6066656533931424,0.5440459787729666,0.13258303288283602,0.23009700398581168,0.980029719789584,0.005257854381953919,0.6673104653506776,0.9949059054085081,0.8872317750796015,0.7490055725745561,0.8336316907027721,0.034033011879194386,0.19756999554891785,0.9497995592953277,0.6477027594511127,0.5001504492956605,0.2562811025819064,0.533121452447634,0.8625958608171357,0.5918922376208868,0.12433807716086342,0.6459547433824658,0.3291469138128563,0.8238096598418172,0.05500727644628289,0.1527063946164412,0.08460520227701473,0.3412663217480454,0.5039273374506474,0.621612294310119,0.3011637042412031,0.06792828903614112,0.5624807317415258,0.588606661900627,0.44899535619034614,0.8616345672981855,0.7631380945864311,0.7267475739030865,0.842739329545811,0.03973553884435266,0.2696966116430214,0.16425769618461183,0.5821332123418859,0.424775110261317,0.8364100260927367,0.2896096696848851,0.33929285675542975,0.3442663709845306,0.21883082264091858,0.3912695421024591,0.8921578009153421,0.5237145725297682,0.7842512337482577,0.7494450013270745,0.37246859616760775,0.04530222819196239,0.21492748528310257,0.1616943869488029,0.9040512262084874,0.7679757794788488,0.3855152857702704,0.8154072364174614,0.22042325470659718,0.0931449286926318,0.47761802376509355,0.901089729196099,0.26919651249402643,0.6463160331626358,0.5681817250189756,0.2551170300126936,0.19069970976307282,0.944552101147265,0.4922461000237105,0.43649501722585293,0.6219629112755111,0.06112900429015011,0.09757119573746897,0.11699635088640659,0.9370800879767408,0.9188325421197058,0.027091381344087728,0.5312978935095465,0.12007005924854663,0.7775188225870701,0.656520065701765,0.09741634583612546,0.035916630817553585,0.7336289007809537,0.20848149682849926,0.7365294110907192,0.12209741924499229,0.5894307027679878,0.12829134395724917,0.21568894260523142,0.07051436102123165,0.34842768377311817,0.75702234993356,0.05395122165643207,0.755026779218633,0.6834823334540516,0.07610931243773189,0.2680268211360253,0.914020013563649,0.39858033441768437,0.5952697599617978,0.27807518557076694,0.6522836986318113,0.7773839132249962,0.7433013228994597,0.26595441363165895,0.8865138194228354,0.5642964372283683,0.6594703826323859,0.9773974633113068,0.829595683224141,0.7366883207689567,0.7391135956878108,0.1496504413315749,0.36865081487579465,0.6067834973026082,0.4939509476781774,0.5926787238670173,0.840722371903371,0.1281304211458998,0.690882830155401,0.4245106221484809,0.035799940135102015,0.013851432736952884,0.7238063241475853,0.14619980270166333,0.46495257846298577,0.16154314442030182,0.013166916418794083,0.9384590279455648,0.06896074059944857,0.7314538145263976,0.28860878258973754,0.1009620990130995,0.7705696734291605,0.34189978874745075,0.12482399592057791,0.46661766493090895,0.17351077473431298,0.8406907229929296,0.6193140717930896,0.7969905979501325,0.30592690112195675,0.953991813616843,0.17653474701029015,0.17772856987832464,0.8046329633798677,0.39260737454567696,0.8795012000748917,0.6037692243791974,0.02150040371473705,0.06659875120873138,0.40088873612763376,0.0869337918925831,0.48958001406151097,0.41689613197311826,0.9816021196782785,0.12946070357637707,0.08147020608474154],"vmin":0.0,"vmax":1.0},"scan_paths":{"d0":[0,1,2,3,4,5,6,7,8,9,10,11,12,13,14,15,16,17,18,19,20,21,22,23,24,25,26,27,28,29,30,31,32,33,34,35,36,37,38,39,40,41,42,43,44,45,46,47,48],