{"stage":1,"block":1,"H":28,"W":28,"d_inner":384,"d_state":16,"feat_heatmap":{"h":14,"w":14,"values":[-0.1646719221756029,0.6991759006051256,1.130960147220156,1.3219685096458553,-0.45100960724673134,0.7719778046954049,1.02546010775642,0.3636091915886256,-1.22913744799278,1.1438800554747712,0.8491689435550669,0.7566196559486306,0.31044554774514177,0.315225079040453,-2.564983554257771,-0.9670972834748481,-1.73409844669966,0.8253236024024834,1.967334271654117,2.113219784600728,1.2634143213010398,-0.29138943533021505,0.8858294083408984,-0.041031605765679054,0.019721340640346884,2.835583533628443,-0.14108441208840178,0.9185001797952338,0.350618216615989,2.5056634883128983,-0.03946605044769531,-2.1620876316505946,-0.5667912572785354,0.213782816128151,-1.4633882583531634,0.2692029629969664,0.8843914109198419,2.2262437473891112,-0.858467981611324,0.3140810404093512,0.707617703366587,-1.3082909573299684,-0.3487403509339331,0.17203234185688715,-1.6870194511120769,-0.871922018403011,-0.6336822882639794,0.1416218263480931,-0.8696321048647647,0.014994729369390766,1.435132897354369,-0.298105805241622,-0.9323692555766298,0.5790766641775794,0.7687593861105927,0.8096261165985374,-0.02956367569022506,-0.7952510020890655,-0.326511168035827,1.3561443389875703,-1.3721588482506395,-0.07776455377238403,-0.20892314824021208,0.13412090450875583,-0.2517822980101012,0.9984034426805077,-1.513569440640594,0.6596090650070412,1.61523267708578,-0.04617517358347652,-0.7810820516908143,-0.4345517769944112,0.8841907379909385,-0.20011747655901385,0.3910817064742849,-0.6189929272633443,-1.087276268450764,1.0530556022983073,1.1271815854161387,0.20468582747361724,-0.21895182449184092,-0.1901014690564883,-0.6295402866959976,-1.1855015451267121,0.47446132350747167,-1.1064016811143094,1.5116953312370374,-0.6601787626734436,-1.1711893304046488,-0.3448372338223572,1.4256747325108894,0.46083659366972196,0.43247095553868253,-0.5077288232238285,-0.16774452075468904,0.9813270859333807,-0.8773224956110606,-0.7470079452959154,-0.10652754250504387,-0.32984701764618385,0.16397037353962163,-0.81256381637665,-0.9486983960631504,-1.2817677452526846,1.7109981689851859,0.1783185148989196,-0.47300806470874246,-0.48180219490206627,0.8754519515913386,-0.6216621758474745,-2.0762430192378916,-1.3622802035330743,1.308913906319781,3.0497279224026386,2.1499195779796447,0.13693798298733006,0.28497609870228763,-0.7341614820619853,-0.5676034595441277,-0.12283312067146852,0.08348369565956584,-0.8087265925181575,-2.56870547395118,1.8880815601438161,-0.6080914765932782,-0.7215234435604283,0.7095448241257893,0.34325844523284127,0.713316511803991,-1.5142170070818624,0.6407376176628253,-0.3142514115000154,-0.06778820366894674,2.5416564086167552,0.11775753177594701,-1.178488928535106,0.17081062919382453,0.5962014463064581,0.052884153727981636,0.6049249868513862,0.5403569724101369,0.14577107443432005,0.5031164982385203,0.47892976637989315,1.4627677251117186,0.8963548955796662,1.3806503742437204,0.48194868392370593,-1.2362775929137928,0.6377351351814848,-0.8314355244743374,1.313638095023149,0.32693503778791916,0.17450444448191668,0.4046712839943042,-1.2343168965272615,0.27782387843464035,0.9432677810890109,-1.2727706116443274,-1.3082509917276923,-0.2786036495147033,-0.7851391606308257,-0.45073559479743613,0.7199779279520334,1.0784069725664094,-0.10752260711287669,-0.5069998715952703,-1.2418572155086516,-1.1131417418944451,1.1990043623989481,-0.8426216983008891,-2.236247407859386,-1.1816732517088717,-0.5733425085948016,0.3114080978582787,0.34116261689917476,-1.8069565235837053,-0.20269756883485923,-0.23023402580811742,0.024919084038995752,-0.7889171543930229,0.4983023381978339,-0.9757481982918897,-0.3533692971163903,-0.2597336822177592,1.3205212832691484,-1.20740496701402,-0.37261970871391914,-0.9081193379558022,0.4364643286094522,0.9783231064629409,2.1436932371772013,1.517233474015932,-1.1537466821084519,1.5042124132901458,0.3904086815815255],"vmin":-2.56870547395118,"vmax":3.0497279224026386},"gate_heatmap":{"h":14,"w":14,"values":[0.6210143368546533,0.32560622859636645,0.651651321688998,0.46173063435801287,0.16598072628473648,0.03822439179883508,0.6259304655783424,0.33363997156215297,0.49423477944706884,0.25490577847330587,0.13628306321896688,0.9369658350960001,0.7181677551044975,0.8025733866134214,0.08721710663346627,0.11462171917640318,0.021485107554802818,0.6284816952901892,0.9717243976219749,0.8306315080243817,0.8772256837392989,0.5381416664074411,0.8203654087540392,0.6820909948971629,0.3450633226505758,0.7421072233159189,0.6124027632814597,0.3803147624960196,0.13508797669431882,0.3637923780806007,0.7298145229910856,0.0667854218799464,0.19243734488350206,0.80296879089986,0.260364425727976,0.4321239554571259,0.9713017017159096,0.6490244674488357,0.5417508011303563,0.7766215521832739,0.9935526176116777,0.8866026028223728,0.30804307665437825,0.7761407909443226,0.298622470887677,0.43224492895727273,0.297045554732948,0.3511555308454448,0.6141531419016564,0.22099768301402556,0.26349349911007824,0.27423395719828614,0.046216309970768754,0.5467099173170243,0.19464035208718033,0.7841409761842256,0.47104466279122714,0.8415651889920702,0.7896983467795013,0.18590955774501605,0.26440026559911056,0.24769853245297346,0.986434230174704,0.09798896476183894,0.6157951098111242,0.741993341979417,0.32840082581538843,0.32671675832940095,0.9058241310772128,0.921423608065091,0.027226908576026942,0.3114336288542112,0.40784194657415795,0.2302410683467001,0.05279072643088034,0.1792600886441782,0.9494026896263502,0.2748229572776413,0.6682194654750683,0.7124927905383249,0.5415428714680629,0.5851804285671216,0.07252437927447863,0.6995402461850594,0.4058698796147201,0.29099755449637377,0.38499192474293775,0.849965781593736,0.8160389003185232,0.7569215536809678,0.8046112162346861,0.44957665922292234,0.8636781833020071,0.7840912958525346,0.591614952036431,0.15813659873794783,0.5425895210859151,0.06635594402708844,0.10466915291077439,0.29453466979635845,0.6636747720955197,0.46286430476600304,0.15024850067574114,0.34608299706824386,0.5264711531957216,0.789038587413016,0.39248544552532805,0.4881714483832519,0.8877272934928901,0.6008876429609862,0.6138676522222922,0.12799323866946755,0.4184597264212564,0.4297606205316157,0.27678214120173406,0.5619343937247416,0.2894482364973565,0.9200026284499695,0.5174299005721977,0.9232244720853855,0.9947716597519456,0.3844331831232375,0.5111362748847801,0.7522964350769188,0.5281654567756959,0.7507440552042999,0.945212116838249,0.031391650974360474,0.7575594333102732,0.03961658869388596,0.6349313682394191,0.2985508537857896,0.046550346998736836,0.880033750222787,0.33683250922299657,0.8307338341462471,0.4078578094980442,0.9847287939096352,0.5192482993911115,0.4189413608766339,0.7822730447063798,0.7737913956004219,0.6162531281517104,0.896737379237662,0.731402489433863,0.6957831539040906,0.07499355701788513,0.16091837777127316,0.19709787790604727,0.5919127514355957,0.7120388867338177,0.20803847680591647,0.1809991038607366,0.2947079430801186,0.9497893576634638,0.41780678205647415,0.8869380219005509,0.6209798152275627,0.8238754205531499,0.09653473580358318,0.1320683578954578,0.8770598845547262,0.6188277849728064,0.3203049174415723,0.944732663371711,0.6427179128809128,0.18673878167772906,0.7334762872531506,0.9463116528588413,0.46868509405602454,0.6476358964174692,0.9783600205965124,0.6041226833013214,0.25132347855299275,0.6887814884447133,0.9968739718756626,0.1770499513466568,0.6275781094235888,0.5222347506421207,0.3424838797651629,0.3339640904009352,0.8660774225250701,0.5824624668567799,0.9999343349990086,0.9658339662379506,0.11077661023883634,0.4650666721718918,0.08918109013897091,0.928360185065797,0.9011921931202241,0.7984906951150821,0.0789541313448554,0.6513737978134372,0.2694816081826854,0.5333661972207131,0.2507927556406584],"vmin":0.0,"vmax":1.0},