{"stage":2,"block":5,"H":14,"W":14,"d_inner":768,"d_state":16,"feat_heatmap":{"h":14,"w":14,"values":[-0.8146853992469331,-0.21976215938748567,0.39227828861463404,-0.38269486644764933,0.07945430119891843,-1.8000650065650512,-0.10500374930697386,-0.4593357204746571,0.03997786277031623,2.0980151451787687,-0.400949711727932,0.8784992644715389,-0.14364653333162059,-0.13214608690079035,0.008800711548352238,1.1054378852999405,-0.06868946448698693,-0.6290150120087206,-0.0478629973309677,1.735894440405124,1.4652538063714189,-1.044299969837012,0.19211328737570124,-1.3431243518719613,-1.9805196465689965,1.268570707570229,-0.355345450202033,-0.6397769440956033,-1.9167394106916082,-0.8062049749702531,1.221406829853137,0.6048057464929446,1.281657351724587,-0.0031433473677224093,-1.7687562889866315,2.544972322976629,-1.365586375934341,1.5016842471969434,-0.686607586778252,-0.7561869796331654,0.0777609259969557,0.13711889092739177,-0.5115896223112326,1.146774257518767,1.2518938855404143,-0.004829062870988005,1.4927947187808674,-0.3648403469339615,0.039588839169939695,1.5331265289652278,-0.8889067187672305,0.953472829391225,-0.28530139767944435,0.6947631369614754,-0.3775595540762759,-0.5866061912482984,0.01257344035065341,0.204195070859925,1.2799876447795702,0.7302742913313639,-0.026256977663184883,0.512838086182898,1.1637564572989951,-1.3153319229214804,0.4537319743422374,0.28177624596939704,1.0739399108082608,-1.5991212456324704,-1.3049751675040113,-1.1920576568402792,0.9609459456196275,0.5842379212101088,-1.2635224748175087,-1.070106074913153,1.4966240670092372,0.43751560189592725,-0.9105173246779543,-0.39105561364546065,-0.44533706486496616,-0.3696113950617356,0.6278867624107584,0.3482564094269924,-1.0957235108630405,1.0006616870716742,0.909526906799503,-0.06623184338602982,0.4951357147694506,0.6718581994491176,-1.0846813398213744,-0.12897163836790687,-0.03058300384439751,0.4524481638112668,-1.0800865030107865,-0.9421661999155537,0.28759921580190473,-2.2551547405671633,0.6252413154058607,-0.1471736649744229,1.8037938864982384,1.227246799062769,-0.25616903238577765,1.9162012155461412,-0.6947316578649286,-0.009447742523908792,-3.0575176581616033,-0.13626013515762384,-0.014625751213395448,-0.8175072590265817,0.36420114419077687,0.8054248227325652,-0.4633499750114443,-0.23500603807482018,1.002851166133133,0.8545256798204713,-0.552515101982643,0.5513815689804501,0.8044707897201343,-0.8951258572814801,0.09507851165709391,0.5143090957873345,-0.6170819558650055,0.5678758411657262,-0.2211924585030065,-0.04522835998674647,-0.5682503150474001,0.6318024055170042,-0.6804625492079669,0.4165011012867799,0.8833969073017074,1.0080081840001196,0.11800709711554175,-0.9744034950246472,0.6543426878754377,0.7114145184559445,0.1009903208597398,0.21621455638245565,1.4440472178395969,0.3076209777740751,-0.3004687372757856,1.6950347845232268,2.396765305384731,1.520944944324415,-0.47837106935420143,-0.7197746960252763,0.9340460173516691,0.6470664901909825,0.10688834815732991,0.1556875938971487,0.49877938462254845,0.3419487993622551,0.49376964135379964,0.25581189962269235,-0.016804823094953705,0.26383931254718257,1.331734552283238,0.9541883142181421,2.543245203683053,0.8346406048373513,1.047559919852136,1.2022804441042898,1.2933616902034786,0.031092630806970382,0.6242862566226984,-0.8737161829688145,1.016014187198091,1.235266330575807,-0.5476525736418796,-0.17409454136937397,0.729060345747887,0.6792959366104308,-0.3838107206147944,0.3307036255261346,-1.2539724275897344,-1.4779918360083941,1.139960263193295,0.6180303070039727,0.2514682362418488,-1.5830640990591276,-0.23909615877268817,1.202141770517425,-0.07945098353825394,0.49008446970829345,0.3012890941618902,0.36243150898586335,0.8550397122386714,-1.6897396082901903,1.2668891825241806,-0.9010105326519439,-0.2949682013387872,0.529325262839332,1.3023224304699255,-1.4258363872219566,-0.11555442557431515,0.11748200485690627,-2.7501955211278344,0.9877952628509165],"vmin":-3.0575176581616033,"vmax":2.544972322976629},"gate_heatmap":{"h":14,"w":14,"values":[0.9779036205258494,0.2597100107042867,0.5966422254574691,0.12082205364362808,0.4317737649326193,0.8598719523811654,0.36288879643127225,0.47869075373339665,0.9502929036262449,0.09953147210418545,0.32487102292275405,0.031005861474460605,0.1871703459467592,0.7382019756963936,0.36570291891737505,0.504784955943193,0.09688464073255221,0.17245868857820246,0.7570286605156553,0.8321682607914397,0.5456233453375734,0.9103090765614684,0.9743630069530286,0.9538245883162778,0.9110544637492008,0.5976807048356761,0.4567641570426014,0.49738538423578327,0.9904060214579248,0.2812928389133742,0.8521539548548354,0.29808450990683855,0.7001814837151173,0.44147786842886894,0.6542663990854863,0.9632784006216449,0.21601668365062543,0.747616245074526,0.09198108764185875,0.7894825117527957,0.8380677369827049,0.01225718928142927,0.21978539971555522,0.057952058044308474,0.6863114563995575,0.9748288461408077,0.9023200051041819,0.7944204139893076,0.2705181968702668,0.13379927573468453,0.33422494656849167,0.9034949452446732,0.525637524381282,0.25370198168572566,0.4298475782932246,0.9287084810381903,0.7739596745961377,0.18548029467727445,0.09520306949964341,0.7716182449320261,0.5403316861698447,0.8637700727481535,0.676884684284822,0.8778383221712908,0.3027638701898352,0.2792917919389951,0.7441592976946162,0.03358915270834528,0.6091706310316595,0.7989744935535709,0.6485526782117166,0.789920518157633,0.9560723548838921,0.9571036904443833,0.35613877132655036,0.368387867676807,0.362116226594431,0.7778056592799985,0.2736234603198874,0.31924397438639307,0.5596198843951885,0.03795797835129355,0.6374821901904261,0.15964039338508673,0.6390670242792542,0.23060246966372933,0.07592249279087426,0.6144893633385015,0.12646406293314327,0.6701440060124396,0.8805578860753122,0.9819753084374133,0.4391834048833081,0.3597492013649064,0.8216622086614177,0.9339880708310146,0.674984073553095,0.8847582075521464,0.8613405507998555,0.2556501392585899,0.9968528399531471,0.1946282208537704,0.14507668908137838,0.9686657921117298,0.19388553902425243,0.4490378754401526,0.7932601453807947,0.7986344623954743,0.892114820681877,0.1405333384752534,0.010658313046659318,0.5878738601015175,0.291122899384904,0.6561761276548489,0.14127542409629557,0.8010106807805631,0.03446149798749487,0.8860954216755302,0.8323698694679428,0.3988174242952649,0.967894395403873,0.38332125283479024,0.4161218944109255,0.11531922032320674,0.3134863992445647,0.6166610380828218,0.5470632134307609,0.38184793277872486,0.6976158903821845,0.4126157598845245,0.24538893287495023,0.7448403167903209,0.47197366876186553,0.8305559008760435,0.525341189190105,0.3148911116186788,0.33041265167272416,0.9575875907680197,0.20210242050205052,0.28048415388032033,0.42893485839926004,0.026804722029180272,0.1475069722709651,0.842328349528665,0.301815751647344,0.7275462262090497,0.7552461203687847,0.7712251352833241,0.6119809992761656,0.22875469463459797,0.7980259922025865,0.7533025474128735,0.03398005767683254,0.981922075504926,0.22705937111418661,0.6148711001355252,0.8047276592809184,0.9388153003674612,0.5799241272135823,0.4206845544905933,0.4479741265744003,0.3351527524662882,0.3856528145080881,0.2440120009550596,0.921185292142398,0.15396961744493387,0.038783868412885614,0.7736827235105024,0.2987381928958396,0.8534055056780268,0.32357971593886814,0.5888859524126109,0.4230917527075887,0.5144093307873371,0.6269718550601182,0.7635264056836893,0.6753188037019016,0.9324304804877311,0.44577577375573096,0.7678376831273939,0.6333279154835386,0.8223681772993114,0.19708195981152044,0.9998290472050838,0.90417337378593,0.6396373915735672,0.38136904967511853,0.8067215735446664,0.6314055269461282,0.17437993851335643,0.8080283721331348,0.2961733524562188,0.8863764730505108,0.32217111252628605,0.9318318760748489,0.3310152914332859],"vmin":0.0,"vmax":1.0},