{"stage":2,"block":8,"H":14,"W":14,"d_inner":768,"d_state":16,"feat_heatmap":{"h":14,"w":14,"values":[0.04219089974848075,0.5817099203381487,0.0867470530445608,-1.6774814555336768,1.7589962340271397,-0.11564317436734715,-1.210477058819248,0.4095475526472773,0.6517550128543252,0.6642058331139472,-0.5099570743612982,0.06380223605596484,0.05083535190324849,-0.005325390552681287,-0.02022785420123437,1.7108501337036435,1.2572811062701565,0.9525714055733154,0.08606231576117915,0.031081103181095627,0.950816608906209,-1.7541281788538843,-0.14994940725742775,1.8670898387211143,-0.048374577947397995,-0.21495532255377273,0.9382134410094641,-0.08490216511192075,1.8644146005789861,-0.8485212267924049,0.17725332789117146,0.9353447138017746,-0.04388507625883374,-0.5093761768087369,-0.4106980773410416,-0.4938751759762854,-1.6459735152519264,0.012401531362047028,-1.1270214819231377,0.11826941185001574,-1.2977340515009763,0.3192766572812366,-1.7117218232605869,-0.32855926416301307,1.515994010663406,0.19434410352892026,0.7294210689667524,1.4406831245276233,0.7745092562135764,0.08892993195625158,1.1612564562507142,0.023742840284887608,0.20269704440283765,-1.1419689650375586,-0.594946364151295,0.16211044977496888,0.6278717059845594,-0.9008490662276042,0.00041258454916799956,-1.3344800832176984,-0.16009908918659865,-1.4695321258321339,1.0651375451685972,-0.8821420415257334,1.3481533414842404,0.49979623924468614,0.03140467792280426,1.354035676401652,-0.3372250275907435,-0.8764464595840786,0.716399336373027,1.5669790580151308,0.6194399952428116,0.46555131665230504,-0.7534525819172581,-0.4840582799315113,-0.34166605486050894,-0.4408208935056976,-1.1540895930606048,0.7151665132571828,-0.931999355532457,1.7349032168456096,-0.7239603480533134,-0.6628362132023755,-1.2684630409143767,1.117631223146754,0.9137129905583952,0.17647607382678798,0.3754087514749514,0.7445427915611225,-0.5037692850336873,-1.9348085240714923,0.31316459230378535,-1.1503141326855335,0.9476775879838324,-0.24412115873030835,-1.2014603997817785,0.2940135284518317,-0.3936055100051036,-1.5019015783500058,-0.2726081007287864,-0.44083079180950924,0.5952237745470872,-2.2257209877657758,0.46129694330863524,-0.050678598989711915,-0.8695163398745287,-0.10500233032115953,0.5521927883381442,0.2592449780843584,1.954038819864664,-0.726596248832387,-0.8337862998099035,1.935166233552998,-0.3490297609138832,0.37112893702991057,0.3271425599114493,0.3885205512896386,0.28021936858200863,-0.4915554541261248,-3.961895592365408,-1.913058816869955,1.757157598742129,-0.2483808721041824,1.227496901099285,0.3485440788686565,0.494931858641847,0.2196158550871657,-0.8696931273034165,-1.4786515973400054,0.33433350396239525,-0.7983437956018711,0.5116379674606902,-0.5702220412471019,-0.6850566943283484,0.18269593955863736,0.32767272385226937,1.859093112330673,0.760092311433174,-1.2449368291260754,-0.8915013381386268,-0.21911701734733877,0.528348036024833,-0.5111837150882308,1.1068294086460637,-0.08448604061909544,1.3545062593186294,1.0232710599586432,1.1476844533524797,-0.6234397248354084,1.158372827214984,0.4777692227812542,-0.6509332054481497,-1.0315265761364627,-1.1272185341173406,0.49647455742165875,0.6526653409178415,-0.9428120736866925,-0.6162341561588902,-1.3449508219573059,0.005686430681981594,-1.2400703262928874,0.2794035548914263,1.5166913263758564,0.02892596664978356,-0.9411258281304327,0.9041360571768852,0.5573535553275971,0.6416700829596078,-0.39020703552559255,0.3171935816857793,1.367689647318918,1.0345196360235318,0.5215699112490626,0.2889214432101572,-0.2529724003201654,0.30581364572042785,1.3108127051380412,-0.28914036591440745,-0.3552046428735438,0.02356588269437657,-0.8827768800130669,0.9081457138745725,1.3731990254796527,-1.5053631678738748,0.9035491737766861,-0.3188449718999054,0.1271530451967204,0.5921380847784046,-0.18405313213746957,0.7775739807382545,-0.43264724642313823,0.26696549341931664,-1.4644834881294309,-0.21691988013948688,-0.3516653994601406],"vmin":-3.961895592365408,"vmax":1.954038819864664},"gate_heatmap":{"h":14,"w":14,"values":[0.14990953306357424,0.3957676038321446,0.49002925718833457,0.7077894575844647,0.7949187058325431,0.9719713113747993,0.10330250575602573,0.8470506817065202,0.13639714208558407,0.6496290937116698,0.6844589355213778,0.7175104449170902,0.14843607857684038,0.2915485807190825,0.2809089437376402,0.5728441917795318,0.6208018180485732,0.4648037319936086,0.1826854855950194,0.9096126404347648,0.448953134901268,0.421999504973562,0.5453983479485486,0.3801096732515886,0.27140436029463466,0.4400409930221112,0.6861815570853161,0.5658893397151079,0.6923883929994015,0.14081879743533,0.7177590282497206,0.39319702534800094,0.8458792759155179,0.501803622272078,0.9895313069175519,0.24158747530158298,0.7339206642921908,0.629369406123496,0.6487931455560977,0.8787872072778102,0.08299158890583602,0.5579199612792937,0.16602540280798495,0.2916779173262698,0.9196980781510475,0.8531110408519151,0.5966409045723184,0.580954393095805,0.3212077323527406,0.0231617188350578,0.232882760440427,0.5741158053650525,0.12318166431764355,0.7172686142583641,0.23960629764901253,0.3203430415402245,0.958639411950776,0.40673709705891237,0.9111824625650007,0.693383011082287,0.9007701502565524,0.9207132689070547,0.5978687719747774,0.36636606734127375,0.5705866967385704,0.9972628546714342,0.533676919316698,0.7675357651101038,0.18755369196416882,0.2998660236093228,0.4322554683203813,0.14407697377066764,0.27005839679758104,0.23568416686010862,0.5815461249401066,0.6904209663903516,0.1210143122731413,0.6883370914752395,0.31397020230578243,0.7811890405159224,0.5220852489407193,0.8903051938040157,0.8023762876349779,0.1997151964645868,0.43611683880664165,0.6380286889473579,0.3458042275293082,0.06291728241673589,0.15306187981865194,0.31216922772678557,0.8513543728189681,0.4418131017774539,0.6797319250563972,0.7366970780638383,0.43988925831481374,0.29229582205619986,0.29461553249321204,0.050000951795976745,0.02104141562038242,0.6293021915844098,0.09050914805808785,0.1412770191093341,0.8800705890901778,0.3205524500938679,0.003182371438342435,0.30063667590239707,0.6504031883866681,0.0871987420326622,0.49485139798540134,0.8216428227014817,0.8812381786329943,0.9085274703531532,0.09821858332278188,0.6515385938353875,0.4199224165417501,0.6141089844592251,0.46587333750367965,0.4937121103873342,0.9815450501160098,0.8073307877665169,0.34488865996900175,0.5737076587866079,0.8603983723617257,0.6212455215017724,0.2897092357861185,0.8182730656807561,0.911242102330921,0.9872942706092187,0.7772240713560592,0.7541763052806094,0.3388747770336643,0.17254278755980834,0.1681029580829797,0.7758097890348729,0.20383886656985983,0.8506843190503425,0.7624195843738004,0.6632155719931553,0.9622496927155472,0.730668116473108,0.14914756841175392,0.8854974871483953,0.3728536869155762,0.05388560303823564,0.8336662476313478,0.10031337831733833,0.3389640619522951,0.3116365090430696,0.9274514141054895,0.9186058441903909,0.2551017118599306,0.737442085484366,0.2408227285155321,0.3209250227745931,0.06033775007550424,0.963976079816351,0.4820868883689533,0.26126596402886537,0.29231018133611775,0.9630572033036806,0.33519566898531283,0.09548691598027337,0.37607903902548523,0.38313237167241865,0.05646998556700844,0.8010494337995496,0.6572024268078708,0.6710411736255537,0.21040130288733572,0.9519239156519261,0.7465986657690529,0.5360775375024187,0.7540479699894592,0.16158160082156448,0.7159334146822304,0.4170435061229857,0.7577098162062391,0.8735149980530246,0.2275779735746798,0.5178660531288488,0.38528502088485284,0.11087138114023765,0.6017440014717231,0.1410421955021529,0.7349404070130002,0.3440709292321611,0.17921034708434735,0.9363370605675665,0.5873139925418989,0.10504096142893271,0.09163417339271063,0.07392763984227646,0.48855956216415464,0.4131559261909107,0.015484539009870346,0.18742645745700437],"vmin":0.0,"vmax":1.0},