{"stage":3,"block":1,"H":7,"W":7,"d_inner":1536,"d_state":16,"feat_heatmap":{"h":14,"w":14,"values":[0.37554910254219587,-0.028418444861664817,0.5451916999377017,1.0308254270320938,-2.164300583864257,-1.344972528364716,-0.9436163314150208,-0.7884211006478955,0.5906868847403078,0.15784120239045718,0.22798702028646928,-0.803585967319768,-0.91562011885338,0.7134819971856747,0.367901690643934,-0.10487846467400189,2.777599927986123,0.2676574054040033,0.9956168618408283,0.6384806581717928,-1.2483204798833956,0.03382080361626106,0.9624685584194147,1.0239988034243581,-1.0602478496710426,0.2983623737536847,0.3406050019485036,0.5338598779944927,-0.251302206135299,-0.9830037272218516,-0.12374144151370278,1.0817157504247064,1.897784177533389,-0.6927993981356013,0.5425952116563142,-0.20733969636335398,-0.30969375901873447,-1.3211442652570935,-0.37963566398228915,-0.3333334705249299,0.12727849485684348,-0.6232012919424701,-1.2934810568815358,0.8349337530408746,-0.37746936174375717,0.3456974408830522,0.5943343226584913,-1.1219322615061798,0.4659380336798883,0.9507900053114264,0.6621558550821187,-1.053045248904219,1.6013218677663263,-1.517115145678747,-1.0707561404618013,0.9250934996783254,0.0005693047740825695,1.1227611415812402,0.15091321741688926,-0.8379977233742566,-1.3547914655420183,0.4563054312571922,-0.0012439189103387654,-1.8721598363382832,-1.0936443047735087,1.5879086262856354,1.226729620881166,0.47940851574536375,-0.5680636132358848,-1.4084046205229097,-0.8323293260843255,0.182024337474185,0.3701640255783809,-0.5650626731695317,-0.4459187729660935,-0.38859603198452874,0.08374690979236665,-0.28620149781436793,-1.0530757664767267,-1.5928753030027907,-0.21050882009742747,-0.3872687434208398,-0.026103783283418426,1.7170800486690931,0.2910719236454256,-0.7752792246310701,0.2755165830837136,1.0500080954910833,0.63357358170826,-0.07609001426281595,0.05611262761674734,0.2544192274620863,-0.6016679991497181,-2.726935922365141,-0.06271809271121101,-0.5855071916437526,0.6719146126516549,-0.8850215469848342,-0.18727361373819887,1.6801311409244122,0.5222048306236006,-2.187894788595543,0.024868718987359366,0.467959646609374,-0.1675633557564618,-1.5689863518998268,1.916873953287594,-1.4003332732925844,2.1605215992558318,-1.347703151911422,-1.12531934593031,-0.8596295086609121,0.5960936578762118,0.6488434991770848,1.5067352412616668,-1.9170991074897394,1.074579851989212,-0.20599313195676125,-1.3049558421181566,-0.9182031323773199,0.7975447350053081,2.1936394589103014,-2.10433686377882,0.45905814325844707,1.3931430533221663,1.5247013907397242,0.018477606622925993,0.16282063817557696,0.5377459743220004,-0.3197544545973001,-2.2752031837636593,-1.1567835373798403,-0.552565024108194,0.1756270083923127,-1.6551588117606564,1.1990477197477858,-0.3943616150937419,0.05849256649719109,-1.728161004200077,0.5475059233429512,-0.8906763292823696,-1.6120012796014713,-1.4822651705171646,-0.2455491093972329,0.018628885791093577,-1.1942187704222176,0.6478276783817142,-0.22675768089760553,-1.1867942955986006,-1.3522713206625785,1.375790027476446,-0.8709547529511458,-1.4913284695846043,-0.29887096297518345,1.165514778835806,0.4891088768215009,-0.08831923643305567,0.7183772737433111,1.0076035014630726,0.4904500891694616,-0.441688325190068,0.7359135393628755,0.3432903486755601,0.43727986861392193,-1.4112499163552468,1.628054602994589,-0.009859418210258049,1.7853302662779498,-0.8953620770025085,-1.4316232703076144,0.5452683384088167,1.1797543020448369,-0.5039357502441768,-0.2629900621920087,-0.5032219861605509,-0.6424576694896511,-0.42946251221132054,0.4860550342410509,2.3814850782414823,1.6306525899658781,-1.105249430166267,-0.6355462471877745,1.043081441517646,0.8552375499725997,0.4002064536128334,-0.1715277461931295,1.4751938573021608,1.2675025346789437,1.158037694563432,-0.8207259438575989,0.30047658017849505,1.4021484362771597,-0.17168669992109006,-0.9983184441807769,-2.0087499094533836,-0.49685832318339723],"vmin":-2.726935922365141,"vmax":2.777599927986123},"gate_heatmap":{"h":14,"w":14,"values":[0.6509843974001732,0.38018573820706936,0.32544170775741943,0.2344127859628098,0.39578066408368684,0.6765486527796902,0.9408633927954688,0.9834048354125742,0.41177028365283697,0.5525882884397957,0.8984014625164358,0.8001826001011368,0.2300952764776545,0.07119616771765702,0.08947327065940891,0.09675569711592757,0.11467341176004842,0.21299490937668308,0.8762006396340767,0.6190209113938343,0.9088217456935836,0.9113906280063261,0.8617474312830434,0.6344144710831501,0.610851870032156,0.5430005460116553,0.7971193810269124,0.6788426559054455,0.13149661429245152,0.15560382818932028,0.9167540389920059,0.6513496951344896,0.7756519888080763,0.6823792231643149,0.750840406334733,0.9807866552684276,0.5697279033859496,0.15879656338512715,0.11553413428738779,0.3610943609520719,0.9957581358943087,0.5812747305079418,0.30376504588114805,0.007873946314121305,0.12445944091920469,0.2192288898449708,0.5823526833888522,0.08528432191381496,0.36953441406116583,0.31628073859091743,0.5970156413076291,0.9657259080685127,0.03868960921952325,0.22591841103634724,0.46247724458311956,0.1697743601134768,0.8774559917114545,0.542798888602313,0.9563779405656545,0.9311889136067725,0.9058217592370653,0.23519176437005263,0.4447450180320467,0.9753974883565637,0.35992081211502513,0.4430913381374215,0.1429955267603643,0.48115470240183156,0.4689197408625725,0.12311826695947303,0.5516896810537044,0.08637817699334538,0.8469704896930869,0.8588613568055969,0.5608199594895465,0.9066337241886766,0.6784551788927617,0.9117422834983784,0.08007703171514624,0.22066901095537717,0.1725473870763361,0.9328448738320929,0.25217934812493603,0.5912204868812599,0.2435318680625299,0.4911875651170706,0.0816226352347611,0.5901548396999206,0.24266429285864866,0.8336191654035107,0.5143261305163624,0.6292647711777613,0.5098025395007437,0.9299750288719744,0.469644765335375,0.44432815517149205,0.2501936852668438,0.31733083532177286,0.9269786524546012,0.5210041721831539,0.6060990661392,0.060619178336396407,0.9757167622233073,0.17165907025797655,0.4320713591386547,0.1276535746094143,0.7917938629951798,0.504126636745329,0.7843306342827806,0.8271610715869505,0.23922867503408596,0.6334927008404215,0.8623925231589894,0.0076712740784044,0.07057255910572346,0.7524796447457396,0.7300544771796184,0.6518951559905192,0.9979179537928535,0.4636087662048882,0.08475748089873969,0.5310665977710622,0.10546904652407185,0.275464973832536,0.7950684751337486,0.9409209682346563,0.2643185728200059,0.5833697026459858,0.44263239110140384,0.36497019622441873,0.4430541296855429,0.016961866709710116,0.8584170475096763,0.38737637169309325,0.6001296581323347,0.19933435582705883,0.6694289127946516,0.6159264186290829,0.6025407976524207,0.26706711984900355,0.08847541704075557,0.261526224137673,0.39960864401392515,0.9333727972106491,0.10703607642742541,0.02883362463881245,0.27684667535964236,0.6244598874244256,0.44626751068411286,0.4884071941061958,0.7853982071609374,0.1076011834293722,0.4985048020325564,0.9019934647534893,0.22352223749565847,0.546189486081761,0.49892209718807046,0.4150614301883998,0.46267456562794673,0.7015519559445333,0.4112657623495367,0.38163155490906786,0.058005800427268106,0.9908104292138302,0.29682037027064334,0.8723086476588868,0.08413775199557139,0.570240321546304,0.2408154266933119,0.9125730622448962,0.6000201325616873,0.34625448420265503,0.011819553149956086,0.7537160401830117,0.8984128161810816,0.24214962063470535,0.38569463652721137,0.15906692288948066,0.0497197271004155,0.7819570539443087,0.5053675219773879,0.11957565625912014,0.6512036271057917,0.4675980462146311,0.8019818415396293,0.33688304410139114,0.9837767380025276,0.44522417356318955,0.5829647810566444,0.6072860776760388,0.988306102988909,0.8973891005444157,0.8225328675960065,0.05191369561013659,0.9484812057362928,0.6932248613248388],"vmin":0.0,"vmax":1.0},"scan_paths":{"d0":[0,1,2,3,4,5,6,7,8,9,10,11,12,13,14,15,16,17,18,19,20,21,22,23,24,25,26,27,28,29,30,31,32,33,34,35,36,37,38,39,40,41,42,43,44,45,46,47,48],