{"stage":2,"block":3,"H":14,"W":14,"d_inner":768,"d_state":16,"feat_heatmap":{"h":14,"w":14,"values":[0.11280858870391981,0.6368213176225404,0.23740075830705368,-0.11626386006175424,1.9387394070025197,-0.05739050467353369,1.5862549821229195,1.0469648044670572,0.42718535797629426,-3.0209925423725523,1.1644066885420448,2.2322108447581828,0.4714955537205748,0.27748509398080845,-0.05222728808847995,-1.1241800295059143,0.7684567345264144,1.3462769829260037,2.050155777749954,-0.3684673996257151,-0.1946666563002648,-1.665562364552962,0.17989582572668625,0.9562335481719075,0.2304099091163655,-0.9062859107935052,0.42334877399349363,-0.04785491901102507,-0.5520071719510743,1.7212079364168316,0.09003145425428509,-0.461138577146962,0.6004006546478812,0.5568443460611912,-1.8612184221346948,-0.7012738163326432,0.5663471701252717,0.5690353457543068,1.548666235241924,-0.7547678277930792,-0.9824817104872715,0.27775600753232854,0.5350513593153633,-0.37424696719089995,0.06958003578094488,0.7664706648245311,0.9231036159049066,0.5868750888639371,1.8215865452517432,2.045943510039627,-1.902556618898917,-0.8730562513378766,-0.5679237540139512,-0.6223528023245919,1.0619691843651413,1.3636170887106023,0.7852202256528997,-0.48785030053340306,0.8792217760497422,0.32299806134841075,-0.6810210241863408,2.381656155994512,0.9658126218281201,1.2626441726957336,-1.7792900947712178,1.6931405880159813,-0.27688323500628803,-0.3630987820029354,-1.5413775411259416,-1.3696045590735986,0.6006500341438568,1.9885053959250176,1.1717310119486366,-0.48271875781254,-0.04306668386983995,-1.6758072134001274,0.16482629656652065,0.7902735626020788,0.5899479873788822,-0.3459008201067386,-1.162886454977469,-0.17021974548034655,0.02189356252199723,1.0743817838531378,-0.7265100703793621,1.2062049637375676,-2.346474481747877,-2.042485908215394,0.1824258234509442,0.45659088893823063,-0.18777333187480064,0.020361902400266568,0.331756473865996,-0.007086115989020343,-0.1784333946963949,0.6882790268625107,-0.004745151694368713,0.09899735810905888,-0.04342276916076569,0.47012713758770935,1.723070525773123,0.6392695307757836,-1.1592258588145936,-0.7749806634078165,1.8703113323195364,-0.9076834519507619,-0.31564132704096554,-0.9395230995130857,-0.17098382010731225,1.2420497458870725,-0.12675911554975866,0.8100880945343149,0.9697117032162299,-0.3575877434621459,0.8868618601586136,0.48588028944704015,0.5554538954352508,-0.2514787438187406,-0.09315893838125328,0.5847695041922816,-1.8062061593288101,-0.9611554079154278,0.08067089367289941,-2.4528673415056614,1.217929964157941,0.46118391309201456,-1.8688407561476756,0.07405599212369998,-0.9398477441244355,-1.9567592567393506,-1.1054537024606008,-0.09993638104755007,-1.5098425402026527,-1.717985201109182,-1.9020343718696209,0.5048002568156507,0.7423186431401371,-0.1478105533099819,0.8157041633287655,-1.5139624105758018,-0.8851389951895605,-0.9216681462705232,1.1614642634376735,0.32636741676852205,0.9682301698020925,-0.44975605131659874,-1.428464221637472,1.8339450897033205,0.055181491585515496,-0.20190426362327177,1.1472312366104005,-0.046681460416161474,1.3700490287101244,-0.5727202802700685,0.8156306290393507,0.3710917959585081,-1.3784339178105434,0.7555723601810839,0.46598760147311824,0.279513441266602,-0.3409855905681753,0.29043155785149843,0.9861213384950652,1.3989163774097562,-0.8358042816660951,0.0757852923220805,1.1032221413109111,-0.5591252239304652,0.1493603317475231,1.1211285233895218,1.1378813142731659,-1.5174922758363676,2.0516723826405703,1.6929907850127413,1.0694538421099877,-1.4288182128853788,-0.8863232522320377,0.10913295789961162,2.341174402949412,-0.7950151121263401,-1.0266298754556438,0.2769550357172907,-1.0584299849900771,-0.10239214135782358,0.29986393602703215,0.46043556916282574,-0.22389581720057736,0.06772549207194352,0.7808912729396683,-0.5371678526382306,0.2849328331379597,-0.3170162904108831,-0.8732700516664713,0.9724388282680084,-1.4106112885949038,0.24149682284585697],"vmin":-3.0209925423725523,"vmax":2.381656155994512},"gate_heatmap":{"h":14,"w":14,"values":[0.9377940139572141,0.2612518911184487,0.9647524908310666,0.25972294858724876,0.5862349379365352,0.20704236248242702,0.9325752816276172,0.07461120865991488,0.0059490896035510055,0.06738512758633763,0.35165900276092277,0.46945645338421793,0.43610796070182944,0.42933649208811975,0.0031688457474865483,0.11239775814364372,0.7337086487434948,0.781498148468969,0.7366451837727459,0.4753218984539088,0.4882852778831619,0.6165329780668276,0.21166104761091753,0.939821738583893,0.5013557533314308,0.8307498640645173,0.7423722265636927,0.3651703870948776,0.7484997545977193,0.6603456589142894,0.10792347765910892,0.6101830383821805,0.4271468083874078,0.7159196452086614,0.9432866016553679,0.7494094868472021,0.6809143839578249,0.7474743889199549,0.7933813313033786,0.9930069042076509,0.35113533117732065,0.08012869848002391,0.5898801986857147,0.27326429388110074,0.9945489041223052,0.29349405258626293,0.34325226943932696,0.7714651479612795,0.12515459346627833,0.9797743438179294,0.2169236287963382,0.9873001185720307,0.31365391688724586,0.010123184565472676,0.44969759792070196,0.5405143376284895,0.7309968142806328,0.059078165431343366,0.610237239960433,0.42497404426944996,0.2669488070254027,0.09064481870762575,0.7573050361269994,0.45815187253460155,0.26073727582080597,0.8199629362205894,0.28076321181385455,0.8286530997945694,0.38391943141648477,0.0643961140210787,0.5720032308029578,0.3833629459235208,0.5867857966466269,0.1802762579135011,0.5854520856454863,0.9309604789470722,0.3522081069523447,0.08786602243358,0.9129154176459221,0.35611184264236173,0.6883358243485032,0.21907051746227735,0.22024489685249649,0.6466048922073989,0.46585899853185286,0.11066847151588588,0.11197427680470673,0.7689827117695128,0.47202120730929076,0.4281184950189175,0.9941260163651857,0.6842634209718338,0.2953418401804089,0.07011935659305446,0.5304741211208039,0.6714892216866373,0.9012292214874253,0.5965130313392106,0.40492388746867736,0.4261425975952615,0.21871359460856077,0.07064539242391887,0.13466130761276218,0.7058615872873978,0.041991696538158596,0.6925794256008289,0.19060780114599207,0.02119871962479425,0.11241601831055548,0.22980767600292795,0.8530904686456526,0.6311670879533892,0.9717878518489209,0.5851049663470821,0.07730248927197603,0.7162128835546657,0.8148134096016086,0.8283779081918918,0.6322157535036839,0.18770412357664545,0.8765089478212146,0.7387883656263101,0.4413621962472395,0.7880038151680421,0.496209269868528,0.8638241537293154,0.9489282054064423,0.6683370687220896,0.39658408801947964,0.9152110356954395,0.9069881811494704,0.6893334163482655,0.4726204758718874,0.9293627466163358,0.34004483737811164,0.021747513099126592,0.30063974138959704,0.8897281233025479,0.4535869666857256,0.5039819398418879,0.7425894309978022,0.4482019919507563,0.13075241905206414,0.8351057860988301,0.6276608034253368,0.9168980391077178,0.9512996904245071,0.52804310733821,0.3572504375470942,0.38435409170881085,0.8771778248334079,0.5062711602769621,0.4687001423984918,0.2717810058782577,0.9200689319520088,0.09065869382949088,0.9985647093035964,0.17789834969436913,0.6416550529172668,0.40018680827181385,0.5984390413491294,0.4015774009146005,0.8692254526561681,0.6299084795584498,0.65233248798726,0.21333675857766732,0.4200082066167581,0.6602285483455179,0.27191405011069536,0.5407308917206931,0.34486442944529305,0.03643671023671513,0.8689385841006164,0.30718263980225435,0.3543947491305355,0.2137588910719488,0.6645978526482625,0.9779220891474276,0.43154492658612087,0.6581582235296822,0.7330068092877389,0.47721574135135847,0.5757130117412708,0.3206211625783598,0.17100064606429033,0.5939301810516372,0.6396635755934049,0.935936695817882,0.5197171084252675,0.2912843097987897,0.40667301100313535,0.8083148595975747,0.34147716848606857,0.13905917703538906,0.12290312145968407,0.36791317392301737],"vmin":0.0,"vmax":1.0},