{"stage":2,"block":0,"H":14,"W":14,"d_inner":768,"d_state":16,"feat_heatmap":{"h":14,"w":14,"values":[1.5722339736211728,-0.19204549053308756,0.2219198158968716,-0.8621734217090381,1.2291655848586127,-1.0759723486631527,0.19397971772331632,0.5445039001383504,-0.48276196364010804,1.1657376010686396,-0.7505537990361925,0.4740800393462412,0.42649944191362793,0.9550881693081971,0.8332512447227377,-0.7784758679990472,-0.5379574487419526,0.04323837902409325,0.4630954660614345,-0.18786980207675147,0.9399610344128027,0.6560146335922808,0.2004340785613953,-0.23425240146766027,0.5535452772675878,-1.5064935086677425,1.0004921771367854,1.7167569883253362,-1.7364231001287334,-0.9036523106976678,0.20031174581343236,-0.41462146219776663,0.4901448573298888,-2.855500960966091,-1.1642855397804777,-1.805918179304576,2.0332514387673575,0.2532442935892499,-0.6951442357797799,-1.4196116011550919,-0.54646588907811,-1.1657178323382151,-0.41263766544008873,-0.20050018709043713,-1.4728971807886706,0.6588068717102697,0.7376165511587329,-0.06788894382069664,-0.8618930086968538,-0.10125062333399833,-0.5204302771403652,0.6528103723972274,-0.0007394276427433736,1.0512141982806873,1.1468960030367146,0.9588812987367227,0.22182461602968287,0.28488799348947796,-0.24911472802524012,-0.13047286929516796,-0.6658157445237265,-1.4695031495210231,0.008021856862386297,1.3722064334142954,-0.572611517112913,0.8674741272744907,0.347316338349702,0.2956568015859908,-0.26741569516181274,1.6238613595353022,-0.7055425322617528,-0.5646365367268434,-0.2571955120568134,-0.10215535776058134,0.36700961685543715,0.7526894038516216,-1.7688048759418622,0.6876942887230469,-0.545935040751947,0.4909113533453204,0.7578576806709928,-0.475432352775382,0.9137259211451327,0.07513833490877121,-0.8342015210841746,0.7189517178444376,0.5055502275321149,-0.42755458531130863,0.08923164028858267,-1.870828841858605,0.02361798581506753,-0.14402882670142192,1.1665876611007786,0.3781703355012929,-0.22069435049924008,-1.1188667563681876,-0.9977864821099571,0.8919513361847554,-0.11261901219506258,0.5028524305643874,-0.8143611109607121,-0.4390609357450695,-0.6914690676552613,-0.9516627329649873,-0.5478861682263709,1.798935945056497,-0.8751218662466814,-1.3724131853988564,-1.254770921922631,-0.036160212960546306,1.154703683455872,1.4233348418576799,-0.45395117702367654,2.279317545856959,0.07511089262232831,-0.2364514822257018,-1.134093976011105,-1.0024263275353014,1.5627763669338952,0.9694031899558696,-0.5490038221254091,0.4306091588568243,0.1224474642658106,0.10831535700086131,0.5952700222575997,-0.5959370403668464,0.968634618670667,-1.096849272820057,-1.9158601143955887,-0.16234887083459315,0.9296426329159722,-0.3727750611663062,-0.7371142959293417,0.9906167881136204,-0.21982052556238788,-1.1032442842947148,1.6117263879437596,1.8485008162504466,-0.40752282081193386,-1.0216308484986714,0.1524970290798293,-0.16703955090836003,-0.4612262761446795,-0.7335524768508686,1.4050786229625298,0.013485049496157472,0.6434124088677526,0.5773370857482144,-1.0422447872940912,-0.23410156849378216,-0.8470003620519351,-0.30998480020149943,1.5184444325990303,-0.3247870613984953,-0.01418173558831928,-1.856455281626723,0.713601981151341,0.324749678949037,0.25465772864849046,0.21467759428859906,1.2088520220559236,-0.5498867759045227,1.3342749430258367,2.5374991883982716,-0.9011482390806834,-0.5057881400353952,0.22286588371287377,-1.2847830777123133,-1.3310498590816966,0.7120999316359498,0.4417083818602378,-0.1893977932293973,1.3124242983702727,-0.7840581768378364,-0.06778627946658403,0.8078759349554097,-1.1025198256367046,-2.0629083358258797,-0.02164071308442682,1.0184416220088544,0.9512715367980408,0.12809165585241564,1.4689216446164262,-0.01770441056886669,-0.4406183504211203,0.7807247242561163,0.8955096762583676,-0.04331826874330625,-0.7531721480610666,0.18747797554119344,0.5438236281393114,-0.24879939530152076,-0.8894917205821437,-1.0244596475068375,2.1129544457324925,-1.3145363707811646],"vmin":-2.855500960966091,"vmax":2.5374991883982716},"gate_heatmap":{"h":14,"w":14,"values":[0.24395192271735677,0.7856006684707769,0.7310492628158188,0.07147719683454201,0.9380592619909011,0.49575411181655704,0.7900719047682405,0.23622513302695336,0.2581668843032494,0.4784997347999079,0.8352390278190224,0.7943030679181413,0.9588334586237374,0.4452675444715931,0.08899723827681849,0.19830432786183405,0.34576853537824725,0.5324346731764316,0.9509944293539961,0.38007624497162473,0.9813941313160459,0.47419886547775947,0.29819943299989915,0.9686099689522317,0.6312512754003413,0.27939186747753186,0.49872949719739024,0.19656803918981547,0.5223135796306011,0.7419100286211683,0.01234313879145199,0.3320757630695592,0.4079739440999952,0.3037133046657071,0.6607925327383709,0.23749825532384095,0.9714004755880853,0.13741830033868419,0.6053428719660338,0.08784415768894893,0.01027734193436225,0.7710992349870791,0.34410158615747266,0.7430079188434418,0.837661969239856,0.8999728411454784,0.8406711310728074,0.23165590408628856,0.04840515342246976,0.19575678148656983,0.6148004381529016,0.48996856586716475,0.9551861308912176,0.8672691571342284,0.24427232311839875,0.42676624416111164,0.844460417899739,0.1355682324448323,0.5659733695337847,0.2954491901466706,0.564411353404523,0.3675963224505596,0.49406478696176026,0.644171208901289,0.7451608598702325,0.9953039108680724,0.17476086446637318,0.2031491965326665,0.04885558482195684,0.9234492243261555,0.7963000457994268,0.052667236450814725,0.30486823610035363,0.7727768692266006,0.14524515435584884,0.46027006454699326,0.8921378831039296,0.0817498937699328,0.21296381216946936,0.1747952688767075,0.4809079043982315,0.34120887354718465,0.5116886728610792,0.9143742079549849,0.7161850368779596,0.9348733551332306,0.829484215943033,0.14674285911945395,0.5718664997063907,0.3011189681053874,0.16868924521189643,0.8315553566244429,0.16683030312074354,0.058388380690896025,0.8424364537745478,0.8742538124247324,0.05477503207099799,0.49566964360053845,0.6178539382060888,0.5588329726829387,0.8290980943872428,0.014741095702659246,0.8610060016132413,0.9438731972737524,0.12209097807938907,0.9875393089914836,0.786125168195464,0.6558735073578378,0.3568467068239791,0.1924075816030828,0.6301828831266513,0.4855570980814883,0.2989935288620249,0.441144518844662,0.4854473061230449,0.927412333485789,0.30352677598965205,0.49021656321317253,0.8043286623343275,0.6310375877816461,0.14900661309588503,0.10504806099632313,0.4651556936159692,0.9838037489624625,0.7337125197846682,0.6923716624535379,0.24750338902939528,0.4890246659451234,0.5535058897604537,0.018480730970320214,0.4162041027227057,0.5636553247452772,0.6151016276507308,0.8170495941660778,0.6695084625361386,0.895469844568205,0.47219358936708977,0.39715231708511245,0.24967243457571187,0.2449897657873107,0.37442403614487685,0.5822637085943079,0.7568296728356431,0.38980288684790876,0.21432052349947361,0.23484024806434134,0.769760345472159,0.7228667755822359,0.8640690967321705,0.8405771486533402,0.6508758737062071,0.7450176546560897,0.14847082206983597,0.5613066531873434,0.051430371652272266,0.32595842818299225,0.465029146822889,0.2800367408977885,0.777595671415969,0.5268024823584814,0.7078852732798242,0.2292388833177249,0.12634196663551156,0.5143474964996962,0.5081906573367584,0.38212002312942084,0.5334538502029702,0.032564162209646086,0.7618817879681272,0.051200447550256656,0.07841539404259645,0.56718940218186,0.34122736394534703,0.3568860742547747,0.025587924653394323,0.8331002881019987,0.09263521745233372,0.916630062853811,0.8771953183744117,0.05034757121308908,0.7795031079442805,0.7232948731820784,0.4407401163048166,0.6393352219489536,0.5365530579279449,0.40506795503675586,0.7978733660595358,0.3697303040637141,0.7098718160881805,0.18198709439662153,0.08571270530099995,0.3241357620381593,0.046317822002072795,0.578572735109926,0.16236991199487183,0.4411652052173084],"vmin":0.0,"vmax":1.0},