{"stage":2,"block":4,"H":14,"W":14,"d_inner":768,"d_state":16,"feat_heatmap":{"h":14,"w":14,"values":[0.021737180163004556,-0.6756990094072072,0.6412774721470353,-0.5242183335533603,1.0178812857401518,0.33877405303690555,-0.735954324695865,-0.4809695277591455,-0.6269858893980043,0.2579445556827455,1.1074112899085864,-0.7035317888087126,0.06950331321276111,-0.579858787624643,-0.07553869256696912,-2.2167518021681865,-0.4046471743274022,-0.8559032103399156,0.9540185815342132,-1.461868306661817,0.1445514338861579,-1.328640728801072,-0.7750286933726748,-1.5741624433291919,0.4975235669874451,0.454019776038964,2.8708718720092667,-1.172211510456938,-1.9596744801370551,-0.9048590706263663,0.3656460705805421,-0.8489641625565498,0.7130241837381445,-0.5375185933850853,-0.5061084692457827,-1.1591236243547312,-1.2290901614626522,-0.369673782229797,0.12215813855885638,0.24463237094694698,1.2175875679830126,0.270605969470275,0.19003235802600732,0.5432263450075215,-0.2595889004104925,-0.5058029052605894,0.19694400637799755,-0.8287009443452585,-1.1408062574039004,-0.9104243643651687,0.16644130718744146,-0.5271864840787229,-0.3911439491926358,0.9657537740220727,0.7195027099757686,1.3927248918901294,-0.8869292487235441,-0.9050240167975604,0.6788688220787922,0.35055540604796387,0.575317693767126,-1.386543254890278,-0.3061887205333304,-0.19705384422435204,-0.6721943800722078,-0.17516111541344395,0.7141382651496051,-2.263768060281567,0.3688008898151364,-0.7675243721303866,-0.49277722283449793,0.6116314272440899,-0.07462451764969302,-2.5081944203689592,1.192915843284305,0.5382944729059659,0.7030166946960437,1.5081942213795394,0.4290294272939894,-0.1277985765182021,0.05185336935053451,0.11370334959063982,-0.8400796818745287,0.5827249746461939,1.0425982185420373,0.3139632991731383,-0.36352521137872285,-0.08534316805835926,0.2920285478452016,-2.3679885399330183,1.1660000711882763,-0.4005582829213188,-1.108974680506861,2.4684411192338445,-0.06215017029159561,0.353148489443984,-1.1580718813897921,-0.7949993017918326,-0.14548148238912023,0.09317597777260843,0.7228660630751953,0.5625717856442449,1.0020174293995958,1.0447599741708309,-0.5355339999589049,0.6432076269380896,1.8386832125430252,-2.3787455979587526,0.08137669960960665,-1.5252301220307245,0.05874711971363141,-0.1809296096047066,-1.2780550405650122,-0.6264917869666151,-0.8368096657632327,1.5552931112530899,0.37436291463031895,0.2783327907690453,2.0794151032419053,1.1321583469264374,-0.3341323233458822,-0.0055181650280702555,-0.713458537168796,-0.8346405008902987,0.22245890086290873,-2.4159473204264965,-0.16149219508556692,-0.6721306178931278,1.2664716222320522,-1.4195455775347074,1.4380626608479303,1.3237924279820767,-0.6765137242505932,-0.8881749488641574,0.23601744753202622,-1.5200419576378985,0.7016274137058724,1.3001146500024385,0.79481535104856,-0.19770425094926883,1.289475657940252,0.1107369020012402,-0.5538076329400825,0.8265761811644569,-2.8521386529883355,-0.0042976168908691135,1.49808270619374,1.0920881991540394,0.5123986415114719,-0.3891544604467989,0.3424439803301059,-0.8510775944773242,0.8863562739703842,1.486512789645425,1.273874884273898,1.4913857128108552,1.0084948334911168,0.5448371493364352,0.8210037944748902,0.7724341342697857,-0.16206530360431315,-2.522015034922151,-0.09023402749942544,-1.4584717330937707,0.44632861917848227,-0.5288241865857969,0.05635817021788726,-0.40804355561067235,-0.39747009425832414,1.4976199501616816,-0.6657813366379702,0.12938271063610882,1.5679252387670435,-0.6998972417189767,0.46827119740387857,-0.5631824420692245,-0.09705670733826811,0.007200890325137459,1.4640814640087105,0.09948034776096469,0.10376538134991084,0.6739623396590139,-1.2307730051225445,0.3494062591941109,-1.3134410412387665,-0.9082923186865571,1.3754874255055793,0.11132523152062879,0.7095905964328648,0.14881759510131337,-0.27501768119147435,0.6886267307843705,-0.2535069794456752,0.2701667426957988,-0.7646917725309649,-1.5056017016633365],"vmin":-2.8521386529883355,"vmax":2.8708718720092667},"gate_heatmap":{"h":14,"w":14,"values":[0.8993899664170323,0.08982354614446297,0.36858829111562275,0.976760858833691,0.719526811428695,0.4229952741184769,0.695629825044685,0.5424683584913251,0.47405244517946876,0.02372193054381988,0.6166709209268961,0.4388718178266007,0.532882181124549,0.930158708820028,0.6125892295507814,0.7148415445819243,0.019746500156658242,0.08586793071412668,0.6855289701502542,0.5076413418834336,0.6588094647555168,0.5312378011304592,0.033157919615103504,0.03290200496356577,0.7838131539807387,0.2034864382251388,0.8579502414140011,0.38254898199439724,0.957575249756104,0.8571838657220572,0.9833933514434411,0.9209097087687588,0.20250803770040005,0.12678214069752902,0.10637874936881364,0.43011803823782846,0.2709051375481658,0.03588433576897676,0.7317135035490666,0.6821156397896987,0.40285780285878436,0.4719194420843641,0.599868115698017,0.9623305588487455,0.6314764615661184,0.33495592370595206,0.6971937978825538,0.7406135646155968,0.19301418039480567,0.2984749818035305,0.7014917034483442,0.37337172402352914,0.7379980521237455,0.04759851447270591,0.48179003798602804,0.040032327263296974,0.3600852827528993,0.5320385888861153,0.38271217348940134,0.7249634702158885,0.34147841276157986,0.3608876707090538,0.7473848923626557,0.030246959778275517,0.39490251390888886,0.3030394758248798,0.4283618861662801,0.6290928768674671,0.2327112468584117,0.506168923110929,0.836762288435369,0.21948744011608134,0.5398650765987408,0.2797331884357127,0.26136898415157006,0.648843563895811,0.4251384933123724,0.31306734944470616,0.6011305830742169,0.5948833568094055,0.21706261493489587,0.8635881394570051,0.8420725394587898,0.19138136592090182,0.4397364523590167,0.2576012220932421,0.832144704846244,0.466199012413267,0.8577039327550354,0.03596970541357991,0.9503517498285393,0.2414799912855592,0.85978296337402,0.43249513799052897,0.006784646499800151,0.19300573586202596,0.8891210818402682,0.6588831256497873,0.3264066698107253,0.5874247789677592,0.6928683810237439,0.8460729917750369,0.2991256607256113,0.9993688273080217,0.9825866349644073,0.08473644196064922,0.534752834696768,0.45263219893042217,0.44253011498018147,0.14016089531667708,0.1689958259136467,0.953902978597001,0.3532256673749393,0.12658332045982412,0.4510309006341242,0.04700966480357727,0.16564871988333718,0.49143989095177654,0.9166137078223908,0.1843311759574352,0.49804113489320745,0.46631252049077687,0.8945043096492323,0.2411495121724938,0.1300399490715416,0.3967412062781509,0.5693680298795263,0.6163115401677923,0.844542503798384,0.21515902287655309,0.09860944289294238,0.40705947852617275,0.36280182735773625,0.5492220732658223,0.6739301680362992,0.2997340665974848,0.15713214006738807,0.8751633660033787,0.8012291100825146,0.122129139956068,0.8536900620678174,0.22411253402853804,0.1564928859642023,0.6469381151976529,0.9423468480765824,0.4222946419745013,0.2509889107377118,0.05531481496909407,0.3833529146247666,0.8896500509503356,0.2204858860439305,0.6958223198875118,0.3538071561764299,0.32680707464779424,0.48211577282141427,0.3472572236395409,0.8560006176178498,0.8197349226436286,0.589866372063199,0.43095714607806224,0.314273653569344,0.8192490101973949,0.6682673923623679,0.34167556013639877,0.09346385845656158,0.1592783548372254,0.40457510467232616,0.5836498534267728,0.48009816561586094,0.2821940996814869,0.2544221474242303,0.6504471024057784,0.9412040635923139,0.10206683513158465,0.9109129467802355,0.9959452013987302,0.04716536598270826,0.7437489958490421,0.10334701466974328,0.48740326669977363,0.28346279260357876,0.33396032266727516,0.9295807734390625,0.7016460971394795,0.5373039795640437,0.2459277373308777,0.5649159841404894,0.6109594379998717,0.8688614633106873,0.08313673763932683,0.7892148207341261,0.7396542688217258,0.0754308891256611,0.7005960140803906,0.4118405737554607,0.9331525001124369],"vmin":0.0,"vmax":1.0},